-- MySQL dump 10.13  Distrib 5.7.23, for Linux (x86_64)
--
-- Host: ShappList.mysql.pythonanywhere-services.com    Database: ShappList$mainDB
-- ------------------------------------------------------
-- Server version	5.7.21-log

/*!40101 SET @OLD_CHARACTER_SET_CLIENT=@@CHARACTER_SET_CLIENT */;
/*!40101 SET @OLD_CHARACTER_SET_RESULTS=@@CHARACTER_SET_RESULTS */;
/*!40101 SET @OLD_COLLATION_CONNECTION=@@COLLATION_CONNECTION */;
/*!40101 SET NAMES utf8 */;
/*!40103 SET @OLD_TIME_ZONE=@@TIME_ZONE */;
/*!40103 SET TIME_ZONE='+00:00' */;
/*!40014 SET @OLD_UNIQUE_CHECKS=@@UNIQUE_CHECKS, UNIQUE_CHECKS=0 */;
/*!40014 SET @OLD_FOREIGN_KEY_CHECKS=@@FOREIGN_KEY_CHECKS, FOREIGN_KEY_CHECKS=0 */;
/*!40101 SET @OLD_SQL_MODE=@@SQL_MODE, SQL_MODE='NO_AUTO_VALUE_ON_ZERO' */;
/*!40111 SET @OLD_SQL_NOTES=@@SQL_NOTES, SQL_NOTES=0 */;

--
-- Table structure for table `list_content`
--

DROP TABLE IF EXISTS `list_content`;
/*!40101 SET @saved_cs_client     = @@character_set_client */;
/*!40101 SET character_set_client = utf8 */;
CREATE TABLE `list_content` (
  `uniqueID` int(32) NOT NULL AUTO_INCREMENT,
  `listID` int(32) NOT NULL,
  `productID` int(32) NOT NULL,
  `productQuantity` int(16) NOT NULL,
  `addedBy` varchar(32) NOT NULL,
  PRIMARY KEY (`uniqueID`),
  KEY `fk_product_list` (`productID`),
  KEY `fk_user_list_content` (`listID`),
  CONSTRAINT `fk_product_list` FOREIGN KEY (`productID`) REFERENCES `products` (`uniqueID`),
  CONSTRAINT `fk_user_list_content` FOREIGN KEY (`listID`) REFERENCES `user_list` (`uniqueID`) ON DELETE CASCADE
) ENGINE=InnoDB AUTO_INCREMENT=183 DEFAULT CHARSET=utf8;
/*!40101 SET character_set_client = @saved_cs_client */;

--
-- Dumping data for table `list_content`
--

LOCK TABLES `list_content` WRITE;
/*!40000 ALTER TABLE `list_content` DISABLE KEYS */;
INSERT INTO `list_content` VALUES (10,10,2,1,'11'),(12,10,184,1,'11'),(78,43,2,6,'5'),(79,43,5,1,'5'),(80,43,10,1,'5'),(81,43,7,1,'5'),(82,43,13,2,'5'),(104,59,151,1,'24'),(105,59,91,3,'24'),(106,59,88,1,'24'),(107,59,82,1,'24'),(119,66,151,1,'22'),(120,66,88,1,'22'),(124,103,82,1,'7'),(125,103,146,3,'7'),(128,103,297,1,'7'),(137,103,40,1,'7'),(140,107,91,1,'22'),(149,110,142,1,'50'),(150,109,142,1,'50'),(154,110,130,1,'50'),(158,110,139,1,'50'),(163,112,336,1,'52'),(164,112,297,1,'52'),(165,109,192,1,'50'),(166,112,130,1,'50'),(167,112,133,1,'50'),(168,112,127,1,'50'),(169,112,136,1,'50'),(170,112,139,1,'50'),(171,112,112,1,'50'),(172,112,115,1,'50'),(173,112,109,1,'50'),(174,112,94,1,'50'),(175,112,121,1,'50'),(176,112,124,1,'50'),(177,112,118,2,'50'),(178,112,189,1,'50'),(179,112,186,1,'50'),(180,112,49,1,'52'),(181,127,151,1,'51'),(182,129,91,1,'59');
/*!40000 ALTER TABLE `list_content` ENABLE KEYS */;
UNLOCK TABLES;

--
-- Table structure for table `list_invites`
--

DROP TABLE IF EXISTS `list_invites`;
/*!40101 SET @saved_cs_client     = @@character_set_client */;
/*!40101 SET character_set_client = utf8 */;
CREATE TABLE `list_invites` (
  `uniqueID` int(11) NOT NULL AUTO_INCREMENT,
  `listID` int(32) NOT NULL,
  `userID` int(32) NOT NULL,
  `invite_status` varchar(16) NOT NULL,
  PRIMARY KEY (`uniqueID`),
  KEY `userID` (`userID`),
  KEY `list_invites_ibfk_1` (`listID`),
  CONSTRAINT `list_invites_ibfk_1` FOREIGN KEY (`listID`) REFERENCES `user_list` (`uniqueID`) ON DELETE CASCADE,
  CONSTRAINT `list_invites_ibfk_2` FOREIGN KEY (`userID`) REFERENCES `users` (`uniqueId`)
) ENGINE=InnoDB AUTO_INCREMENT=42 DEFAULT CHARSET=utf8;
/*!40101 SET character_set_client = @saved_cs_client */;

--
-- Dumping data for table `list_invites`
--

LOCK TABLES `list_invites` WRITE;
/*!40000 ALTER TABLE `list_invites` DISABLE KEYS */;
INSERT INTO `list_invites` VALUES (11,10,5,'Refused'),(12,18,5,'Refused'),(13,19,5,'Accepted'),(14,20,5,'Accepted'),(15,21,5,'Accepted'),(16,21,5,'Accepted'),(21,43,4,'Accepted'),(30,103,4,'Accepted'),(31,112,50,'Accepted'),(32,103,9,'Accepted'),(33,103,9,'Accepted'),(34,103,4,'Accepted'),(35,95,5,'Accepted'),(36,95,5,'Accepted'),(37,95,5,'Accepted'),(38,95,5,'Accepted'),(39,95,5,'Accepted'),(40,95,5,'Accepted'),(41,59,4,'Accepted');
/*!40000 ALTER TABLE `list_invites` ENABLE KEYS */;
UNLOCK TABLES;

--
-- Table structure for table `products`
--

DROP TABLE IF EXISTS `products`;
/*!40101 SET @saved_cs_client     = @@character_set_client */;
/*!40101 SET character_set_client = utf8 */;
CREATE TABLE `products` (
  `uniqueID` int(11) NOT NULL AUTO_INCREMENT,
  `storeID` int(11) NOT NULL,
  `itemName` varchar(64) NOT NULL,
  `itemPrice` float(32,2) NOT NULL,
  `originalPrice` float(32,2) NOT NULL,
  `priceType` varchar(16) NOT NULL,
  `itemCategory` varchar(32) NOT NULL,
  `itemSubCategory` varchar(32) NOT NULL,
  `productURL` varchar(256) NOT NULL,
  `imgPath` varchar(128) NOT NULL,
  `discountValue` decimal(4,2) DEFAULT NULL,
  PRIMARY KEY (`uniqueID`),
  KEY `storeID` (`storeID`),
  CONSTRAINT `products_ibfk_1` FOREIGN KEY (`storeID`) REFERENCES `stores` (`uniqueID`)
) ENGINE=InnoDB AUTO_INCREMENT=387 DEFAULT CHARSET=utf8;
/*!40101 SET character_set_client = @saved_cs_client */;

--
-- Dumping data for table `products`
--

LOCK TABLES `products` WRITE;
/*!40000 ALTER TABLE `products` DISABLE KEYS */;
INSERT INTO `products` VALUES (1,1,'Kiwi',2.79,2.79,'/kg','Frutas e Legumes','Fruta Fresca','https://mercadao.pt/store/pingo-doce/search?queries=kiwi','/images/kiwiFruto.jpg',1.00),(2,2,'Kiwi',2.49,2.49,'/kg','Frutas e Legumes','Fruta Fresca','https://www.continente.pt/stores/continente/pt-pt/public/Pages/ProductDetail.aspx?ProductId=3725842(eCsf_RetekProductCatalog_MegastoreContinenteOnline_Continente)','/images/kiwiFruto.jpg',1.00),(3,3,'Kiwi',1.79,1.79,'/kg','Frutas e Legumes','Fruta Fresca','https://www.jumbo.pt/Frontoffice/produtos_frescos/fruta/fruta_epoca/kiwikg/28556/Auchan_Amadora?sid=b93564a5-dfb0-4ee7-87be-0c99b8902e9e_2','/images/kiwiFruto.jpg',1.00),(4,1,'Maçã Fuji',1.99,1.99,'/kg','Frutas e Legumes','Fruta Fresca','https://mercadao.pt/store/pingo-doce/search?queries=ma%C3%A7%C3%A3%20fuji','/images/macaFuji.jpg',1.00),(5,2,'Maçã Fuji',1.79,1.79,'/kg','Frutas e Legumes','Fruta Fresca','https://www.continente.pt/stores/continente/pt-pt/public/Pages/ProductDetail.aspx?ProductId=2368278(eCsf_RetekProductCatalog_MegastoreContinenteOnline_Continente)','/images/macaFuji.jpg',1.00),(6,3,'Maçã Fuji',1.99,1.99,'/kg','Frutas e Legumes','Fruta Fresca','https://www.jumbo.pt/Frontoffice/produtos_frescos/fruta/bananas_macas_peras_e_uvas/maca_fujikg/95705/Auchan_Amadora?sid=01836cea-b8c8-4157-b1a7-cb19393d84cf_1','/images/macaFuji.jpg',1.00),(7,1,'Pêra Rocha',1.59,1.59,'/kg','Frutas e Legumes','Fruta Fresca','https://mercadao.pt/store/pingo-doce/search?queries=p%C3%AAra%20rocha','/images/peraRocha.jpg',1.00),(8,2,'Pêra Rocha',1.59,1.59,'/kg','Frutas e Legumes','Fruta Fresca','https://www.continente.pt/stores/continente/pt-pt/public/Pages/ProductDetail.aspx?ProductId=3652438(eCsf_RetekProductCatalog_MegastoreContinenteOnline_Continente)','/images/peraRocha.jpg',1.00),(9,3,'Pêra Rocha',1.64,1.64,'/kg','Frutas e Legumes','Fruta Fresca','https://www.jumbo.pt/Frontoffice/produtos_frescos/fruta/bananas_macas_peras_e_uvas/pera_rochakg/20528/Auchan_Amadora?sid=bd0082e4-6a43-4fb7-8395-599a0dfdbff5_0','/images/peraRocha.jpg',1.00),(10,1,'Uva Branca sem Grainha',2.69,2.69,'/un','Frutas e Legumes','Fruta Embalada','https://mercadao.pt/store/pingo-doce/search?queries=uva%20branca','/images/uvaBranca.jpg',1.00),(11,2,'Uva Branca sem Grainha',2.69,2.69,'/un','Frutas e Legumes','Fruta Embalada','https://www.continente.pt/stores/continente/pt-pt/public/Pages/ProductDetail.aspx?ProductId=5465183(eCsf_RetekProductCatalog_MegastoreContinenteOnline_Continente)','/images/uvaBranca.jpg',1.00),(12,3,'Uva Branca sem Grainha',2.99,2.99,'/un','Frutas e Legumes','Fruta Embalada','https://www.jumbo.pt/Frontoffice/produtos_frescos/fruta/bananas_macas_peras_e_uvas/uva_brancasem_grainha400g/341053/Auchan_Amadora?sid=4c26a0cf-f01c-4004-a4a2-74ceda46e071_4','/images/uvaBranca.jpg',1.00),(13,1,'Mirtilos Embalados',1.99,1.99,'/un','Frutas e Legumes','Fruta Embalada','https://mercadao.pt/store/pingo-doce/search?queries=mirtilos%20embalados','/images/mirtiloEmbalado.jpg',1.00),(14,2,'Mirtilos Embalados',1.99,1.99,'/un','Frutas e Legumes','Fruta Embalada','https://www.continente.pt/stores/continente/pt-pt/public/Pages/searchResults.aspx?k=mirtilos','/images/mirtiloEmbalado.jpg',1.00),(15,3,'Mirtilos Embalados',1.99,1.99,'/un','Frutas e Legumes','Fruta Embalada','https://www.jumbo.pt/Frontoffice/produtos_frescos/fruta/fruta_epoca/mirtilocvt125_g/1073620/Auchan_Amadora?sid=69a01bb6-2d37-4cef-9897-999fdc8a82c5_0','/images/mirtiloEmbalado.jpg',1.00),(16,1,'Pepino',1.99,1.99,'/kg','Frutas e Legumes','Legumes Frescos','https://mercadao.pt/store/pingo-doce/search?queries=pepino','/images/legumePepino.jpg',1.00),(17,2,'Pepino',1.99,1.99,'/kg','Frutas e Legumes','Legumes Frescos','https://www.continente.pt/stores/continente/pt-pt/public/Pages/ProductDetail.aspx?ProductId=2076815(eCsf_RetekProductCatalog_MegastoreContinenteOnline_Continente)','/images/legumePepino.jpg',1.00),(18,3,'Pepino',1.49,1.49,'/kg','Frutas e Legumes','Legumes Frescos','https://www.jumbo.pt/Frontoffice/produtos_frescos/legumes_frescos/tomate_pepino_e_pimentos/pepinokg/234025/Auchan_Amadora?sid=ad2d0c5c-7650-422e-a173-2cd5f9a02bd9_5','/images/legumePepino.jpg',1.00),(19,1,'Pimento Verde',2.19,2.19,'/kg','Frutas e Legumes','Legumes Frescos','https://mercadao.pt/store/pingo-doce/search?queries=pimento%20verde','/images/pimentoVerde.jpg',1.00),(20,2,'Pimento Verde',2.19,2.19,'/kg','Frutas e Legumes','Legumes Frescos','https://www.continente.pt/stores/continente/pt-pt/public/Pages/ProductDetail.aspx?ProductId=2076823(eCsf_RetekProductCatalog_MegastoreContinenteOnline_Continente)','/images/pimentoVerde.jpg',1.00),(21,3,'Pimento Verde',1.99,1.99,'/kg','Frutas e Legumes','Legumes Frescos','https://www.jumbo.pt/Frontoffice/produtos_frescos/legumes_frescos/tomate_pepino_e_pimentos/pimento_verdekg/24329/Auchan_Amadora?sid=73e66001-e0c1-4cf2-bcef-8b5dde8073a6_2','/images/pimentoVerde.jpg',1.00),(22,1,'Couve Lombarda',0.99,0.99,'/kg','Frutas e Legumes','Legumes Frescos','https://mercadao.pt/store/pingo-doce/search?queries=Couve%20lombarda','/images/couveLombarda.jpg',1.00),(23,2,'Couve Lombarda',1.29,1.29,'/kg','Frutas e Legumes','Legumes Frescos','https://www.continente.pt/stores/continente/pt-pt/public/Pages/ProductDetail.aspx?ProductId=2076771(eCsf_RetekProductCatalog_MegastoreContinenteOnline_Continente)','/images/couveLombarda.jpg',1.00),(24,3,'Couve Lombarda',0.99,0.99,'/kg','Frutas e Legumes','Legumes Frescos','https://www.jumbo.pt/Frontoffice/produtos_frescos/legumes_frescos/couve_e_espinafres/couve_lombardokg/21995/Auchan_Amadora?sid=ee1b2e07-683e-4cf2-ba57-d6e425669022_4','/images/couveLombarda.jpg',1.00),(25,1,'Couve Flor',1.79,1.79,'/kg','Frutas e Legumes','Legumes Frescos','https://mercadao.pt/store/pingo-doce/search?queries=Couve-flor','/images/couveFlor.jpg',1.00),(26,2,'Couve Flor',1.79,1.79,'/kg','Frutas e Legumes','Legumes Frescos','https://www.continente.pt/stores/continente/pt-pt/public/Pages/ProductDetail.aspx?ProductId=2076768(eCsf_RetekProductCatalog_MegastoreContinenteOnline_Continente)','/images/couveFlor.jpg',1.00),(27,3,'Couve Flor',1.73,1.73,'/kg','Frutas e Legumes','Legumes Frescos','https://www.jumbo.pt/Frontoffice/produtos_frescos/legumes_frescos/couve_e_espinafres/couve_florkg/20652/Auchan_Amadora?sid=ef57b389-ff7a-45db-8c6d-f6c29cf34511_0','/images/couveFlor.jpg',1.00),(28,1,'Alho Seco',1.49,1.49,'/un','Frutas e Legumes','Legumes Embalados','https://mercadao.pt/store/pingo-doce/search?queries=alho%20seco%20embalado','/images/alhoSeco.jpg',1.00),(29,2,'Alho Seco',2.19,2.19,'/un','Frutas e Legumes','Legumes Embalados','https://www.continente.pt/stores/continente/pt-pt/public/Pages/ProductDetail.aspx?ProductId=4599477(eCsf_RetekProductCatalog_MegastoreContinenteOnline_Continente)','/images/alhoSeco.jpg',1.00),(30,3,'Alho Seco',1.59,1.59,'/un','Frutas e Legumes','Legumes Embalados','https://www.jumbo.pt/Frontoffice/produtos_frescos/legumes_frescos/batata_alho_e_cebola/alho_secobio250_g/622947/Auchan_Amadora?sid=97a79351-786d-46eb-b513-66a0472167a8_1','/images/alhoSeco.jpg',1.00),(31,1,'Cogumelo Branco Inteiro',5.49,5.49,'/un','Frutas e Legumes','Legumes Embalados','https://mercadao.pt/store/pingo-doce/search?queries=cogumelo%20branco%20inteiro','/images/cogumeloBranco.jpg',1.00),(32,2,'Cogumelo Branco Inteiro',5.49,5.49,'/un','Frutas e Legumes','Legumes Embalados','https://www.continente.pt/stores/continente/pt-pt/public/Pages/ProductDetail.aspx?ProductId=5095299(eCsf_RetekProductCatalog_MegastoreContinenteOnline_Continente)','/images/cogumeloBranco.jpg',1.00),(33,3,'Cogumelo Branco Inteiro',1.89,1.89,'/un','Frutas e Legumes','Legumes Embalados','https://www.jumbo.pt/Frontoffice/produtos_frescos/legumes_frescos/cogumelos/cogumelosvida_auchanbrancos_cvt300_g/2460942/Auchan_Amadora?sid=4673c5ba-f692-450b-b2bb-ff855116f84d_0','/images/cogumeloBranco.jpg',1.00),(34,1,'Cebola Amarela',1.79,1.79,'/un','Frutas e Legumes','Legumes Embalados','https://mercadao.pt/store/pingo-doce/search?queries=cebola%20amarela','/images/cebolaAmarela.jpg',1.00),(35,2,'Cebola Amarela',1.29,1.29,'/un','Frutas e Legumes','Legumes Embalados','https://www.continente.pt/stores/continente/pt-pt/public/Pages/ProductDetail.aspx?ProductId=5063153(eCsf_RetekProductCatalog_MegastoreContinenteOnline_Continente)','/images/cebolaAmarela.jpg',1.00),(36,3,'Cebola Amarela',1.49,1.49,'/un','Frutas e Legumes','Legumes Embalados','https://www.jumbo.pt/Frontoffice/produtos_frescos/legumes_frescos/batata_alho_e_cebola/cebola_amarela_rede500_g/821451/Auchan_Amadora?sid=b13e8f61-7f50-466e-ba09-2d1b1a0fe370_0','/images/cebolaAmarela.jpg',1.00),(37,1,'Lula Limpa %|%Pescanova',7.19,7.19,'/un','Congelados','Peixe Congelado','https://mercadao.pt/store/pingo-doce/search?queries=lula%20pescanova','/images/lulaPescanova.jpg',1.00),(38,2,'Lula Limpa %|%Pescanova',7.19,7.19,'/un','Congelados','Peixe Congelado','https://www.continente.pt/stores/continente/pt-pt/public/Pages/ProductDetail.aspx?ProductId=4901242(eCsf_RetekProductCatalog_MegastoreContinenteOnline_Continente)','/images/lulaPescanova.jpg',1.00),(39,3,'Lula Limpa %|%Pescanova',6.97,6.97,'/un','Congelados','Peixe Congelado','https://www.jumbo.pt/Frontoffice/congelados/peixe/polvo_lulas_e_choco/lula_limpapescanova2040450g/1101381/Auchan_Amadora?sid=b4e1b58b-9b16-4ba9-b7cf-321c53ba3431_0','/images/lulaPescanova.jpg',1.00),(40,1,'Filetes de Pescada %|%Pescanova',4.99,4.99,'/un','Congelados','Peixe Congelado','https://mercadao.pt/store/pingo-doce/search?queries=filetes%20de%20pescada%20pescanova','/images/pescadaPescanova.jpg',1.00),(41,2,'Filetes de Pescada %|%Pescanova',4.99,4.99,'/un','Congelados','Peixe Congelado','https://www.continente.pt/stores/continente/pt-pt/public/Pages/ProductDetail.aspx?ProductId=2211943(eCsf_RetekProductCatalog_MegastoreContinenteOnline_Continente)','/images/pescadaPescanova.jpg',1.00),(42,3,'Filetes de Pescada %|%Pescanova',4.59,4.59,'/un','Congelados','Peixe Congelado','https://www.jumbo.pt/Frontoffice/congelados/peixe/filetes_medalhoes_e_outros/filetespescanovapescada_do_cabo400g/1182/Auchan_Amadora?sid=06a3f007-0018-4bad-8362-67c546f95375_2','/images/pescadaPescanova.jpg',1.00),(43,1,'Tiras de Pota %|%Pescanova',5.29,5.29,'/un','Congelados','Peixe Congelado','https://mercadao.pt/store/pingo-doce/search?queries=tiras%20de%20pota%20pescanova','/images/potaPescanova.jpg',1.00),(44,2,'Tiras de Pota %|%Pescanova',5.29,5.29,'/un','Congelados','Peixe Congelado','https://www.continente.pt/stores/continente/pt-pt/public/Pages/ProductDetail.aspx?ProductId=5316646(eCsf_RetekProductCatalog_MegastoreContinenteOnline_Continente)','/images/potaPescanova.jpg',1.00),(45,3,'Tiras de Pota %|%Pescanova',5.09,5.09,'/un','Congelados','Peixe Congelado','https://www.jumbo.pt/Frontoffice/congelados/peixe/polvo_lulas_e_choco/tiras_de_potapescanova500_g/2110313/Auchan_Amadora?sid=f3d252b3-22b2-4581-951f-a85ddd0c3e2b_1','/images/potaPescanova.jpg',1.00),(46,1,'Gelado Perna de Pau %|%Olá',3.49,3.49,'/un','Congelados','Gelados e Sobremesas','https://mercadao.pt/store/pingo-doce/search?queries=gelado%20perna%20de%20pau%20ol%C3%A1','/images/pernaPau.jpg',1.00),(47,2,'Gelado Perna de Pau %|%Olá',3.49,3.49,'/un','Congelados','Gelados e Sobremesas','https://www.continente.pt/stores/continente/pt-pt/public/Pages/ProductDetail.aspx?ProductId=4704539(eCsf_RetekProductCatalog_MegastoreContinenteOnline_Continente)','/images/pernaPau.jpg',1.00),(48,3,'Gelado Perna de Pau %|%Olá',3.29,3.29,'/un','Congelados','Gelados e Sobremesas','https://www.jumbo.pt/Frontoffice/congelados/gelados_e_sobremesas/gelados_individuais/gelado_multipackolaperna_de_pau420_ml/1032202/Auchan_Amadora?sid=d4047cb0-b64d-4ef7-a2b7-b1f6abd238c4_1','/images/pernaPau.jpg',1.00),(49,1,'Tarte Perna de Pau %|%Olá',3.49,3.49,'/un','Congelados','Gelados e Sobremesas','https://mercadao.pt/store/pingo-doce/search?queries=gelado%20perna%20de%20pau%20ol%C3%A1','/images/tartePernaPau.jpg',1.00),(50,2,'Tarte Perna de Pau %|%Olá',3.49,3.49,'/un','Congelados','Gelados e Sobremesas','https://www.continente.pt/stores/continente/pt-pt/public/Pages/ProductDetail.aspx?ProductId=5497826(eCsf_RetekProductCatalog_MegastoreContinenteOnline_Continente)','/images/tartePernaPau.jpg',1.00),(51,3,'Tarte Perna de Pau %|%Olá',3.29,3.29,'/un','Congelados','Gelados e Sobremesas','https://www.jumbo.pt/Frontoffice/congelados/gelados_e_sobremesas/gelados_familiares/geladoolaperna_de_pau_fatiar600_ml/2153484/Auchan_Amadora?sid=d4047cb0-b64d-4ef7-a2b7-b1f6abd238c4_0','/images/tartePernaPau.jpg',1.00),(52,1,'Gelado Magnum Mini Amêndoa %|%Olá',4.99,4.99,'/un','Congelados','Gelados e Sobremesas','https://mercadao.pt/store/pingo-doce/search?queries=Gelado%20Magnum%20Mini%20Am%C3%Aandoa','/images/magnumAmendoa.jpg',1.00),(53,2,'Gelado Magnum Mini Amêndoa %|%Olá',4.99,4.99,'/un','Congelados','Gelados e Sobremesas','https://www.continente.pt/stores/continente/pt-pt/public/Pages/ProductDetail.aspx?ProductId=6494098(eCsf_RetekProductCatalog_MegastoreContinenteOnline_Continente)','/images/magnumAmendoa.jpg',1.00),(54,3,'Gelado Magnum Mini Amêndoa %|%Olá',4.35,4.35,'/un','Congelados','Gelados e Sobremesas','https://www.jumbo.pt/Frontoffice/congelados/gelados_e_sobremesas/gelados_individuais/geladomagnumamendoas4x110ml/1089946/Auchan_Amadora?sid=baf605f7-97f9-4699-8b97-f2b5f1fa1b7a_0','/images/magnumAmendoa.jpg',1.00),(55,1,'Gelado Cornetto Clássico 6 Un. %|%Olá',3.99,3.99,'/un','Congelados','Gelados e Sobremesas','https://mercadao.pt/store/pingo-doce/search?queries=cornetto%20classico','/images/cornettoClassico.jpg',1.00),(56,2,'Gelado Cornetto Clássico 6 Un. %|%Olá',3.99,3.99,'/un','Congelados','Gelados e Sobremesas','https://www.continente.pt/stores/continente/pt-pt/public/Pages/ProductDetail.aspx?ProductId=5563897(eCsf_RetekProductCatalog_MegastoreContinenteOnline_Continente)','/images/cornettoClassico.jpg',1.00),(57,3,'Gelado Cornetto Clássico 6 Un. %|%Olá',3.79,3.79,'/un','Congelados','Gelados e Sobremesas','https://www.jumbo.pt/Frontoffice/congelados/gelados_e_sobremesas/gelados_individuais/gelado_multipackcornettoclassico6x90ml/2171344/Auchan_Amadora?sid=726db085-94de-4b04-800b-aa842a264959_2','/images/cornettoClassico.jpg',1.00),(58,1,'Pizza Salame %|%Ristorante',3.99,3.99,'/un','Congelados','Refeições Congeladas','https://mercadao.pt/store/pingo-doce/search?queries=pizza%20ristorante%20salame','/images/pizzaRistorante.jpg',1.00),(59,2,'Pizza Salame %|%Ristorante',3.99,3.99,'/un','Congelados','Refeições Congeladas','https://www.continente.pt/stores/continente/pt-pt/public/Pages/ProductDetail.aspx?ProductId=5069918(eCsf_RetekProductCatalog_MegastoreContinenteOnline_Continente)','/images/pizzaRistorante.jpg',1.00),(60,3,'Pizza Salame %|%Ristorante',3.79,3.79,'/un','Congelados','Refeições Congeladas','https://www.jumbo.pt/Frontoffice/congelados/refeicoes/pizzas_e_pratos_italianos/pizza_ristorantedroetkersalame320_g/1148722/Auchan_Amadora?sid=ee7209f4-3fec-4b79-ac63-88fac84477ab_5','/images/pizzaRistorante.jpg',1.00),(61,1,'Nuggets de Frango %|%Iglo',6.99,6.99,'/un','Congelados','Refeições Congeladas','https://mercadao.pt/store/pingo-doce/search?queries=Nuggets%20de%20Frango%20Capit%C3%A3o%20Iglo%20Congelados','/images/nuggetsIglo.jpg',1.00),(62,2,'Nuggets de Frango %|%Iglo',6.99,6.99,'/un','Congelados','Refeições Congeladas','https://www.continente.pt/stores/continente/pt-pt/public/Pages/ProductDetail.aspx?ProductId=6089206(eCsf_RetekProductCatalog_MegastoreContinenteOnline_Continente)','/images/nuggetsIglo.jpg',1.00),(63,3,'Nuggets de Frango %|%Iglo',6.79,6.79,'/un','Congelados','Refeições Congeladas','https://www.jumbo.pt/Frontoffice/congelados/refeicoes/carne/nuggetsiglofrango_18_un375g/2404416/Auchan_Amadora?sid=b4f10695-f840-476c-acd4-1d807f10bcbb_3','/images/nuggetsIglo.jpg',1.00),(64,1,'Douradinhos de Peixe 30 Un. %|%Iglo',8.98,8.98,'/un','Congelados','Refeições Congeladas','https://mercadao.pt/store/pingo-doce/search?queries=douradinhos%20de%20peixe%20iglo','/images/douradinhosIglo.jpg',1.00),(65,2,'Douradinhos de Peixe 30 Un. %|%Iglo',8.98,8.98,'/un','Congelados','Refeições Congeladas','https://www.continente.pt/stores/continente/pt-pt/public/Pages/ProductDetail.aspx?ProductId=5730946(eCsf_RetekProductCatalog_MegastoreContinenteOnline_Continente)','/images/douradinhosIglo.jpg',1.00),(66,3,'Douradinhos de Peixe 30 Un. %|%Iglo',8.69,8.69,'/un','Congelados','Refeições Congeladas','https://www.jumbo.pt/Frontoffice/congelados/peixe/barritas_e_panados/douradinhosiglopeixe_30_un840g/546641/Auchan_Amadora?sid=55cf8a33-fd5c-4a68-8ced-df6b33bdba21_6','/images/douradinhosIglo.jpg',1.00),(67,1,'Ervilhas Congeladas 700gr %|%Iglo',3.99,3.99,'/un','Congelados','Frutas e Legumes','https://mercadao.pt/store/pingo-doce/search?queries=ervilha%20iglo%20congelada','/images/ervilhaIglo.jpg',1.00),(68,2,'Ervilhas Congeladas 700gr %|%Iglo',3.99,3.99,'/un','Congelados','Frutas e Legumes','https://www.continente.pt/stores/continente/pt-pt/public/Pages/ProductDetail.aspx?ProductId=5493595(eCsf_RetekProductCatalog_MegastoreContinenteOnline_Continente)','/images/ervilhaIglo.jpg',1.00),(69,3,'Ervilhas Congeladas 700gr %|%Iglo',1.99,1.99,'/un','Congelados','Frutas e Legumes','https://www.jumbo.pt/Frontoffice/congelados/legumes_e_frutas/ervilhas_espinafres_e_esparregado/ervilhasiglo700_g/2153477/Auchan_Amadora?sid=5df60610-8d29-4f67-9385-003209f7428f_2','/images/ervilhaIglo.jpg',1.00),(70,1,'Brócolos 600gr Congelados %|%Iglo ',3.99,3.99,'/un','Congelados','Frutas e Legumes','https://mercadao.pt/store/pingo-doce/search?queries=br%C3%B3colos%20congelados%20iglo','/images/brocoloIglo.jpg',1.00),(71,2,'Brócolos 600gr Congelados %|%Iglo ',3.99,3.99,'/un','Congelados','Frutas e Legumes','https://www.continente.pt/stores/continente/pt-pt/public/Pages/ProductDetail.aspx?ProductId=5162208(eCsf_RetekProductCatalog_MegastoreContinenteOnline_Continente)','/images/brocoloIglo.jpg',1.00),(72,3,'Brócolos 600gr Congelados %|%Iglo ',1.99,1.99,'/un','Congelados','Frutas e Legumes','https://www.jumbo.pt/Frontoffice/congelados/legumes_e_frutas/legumes_simples/brocolosiglo600g/1191405/Auchan_Amadora?sid=ca5274e4-25d1-426e-a4f2-2cae69afe773_1','/images/brocoloIglo.jpg',1.00),(73,1,'Batata Golden Long %|%McCain',2.79,2.79,'/un','Congelados','Frutas e Legumes','https://mercadao.pt/store/pingo-doce/search?queries=batata%20golden%20long','/images/batataGolden.jpg',1.00),(74,2,'Batata Golden Long %|%McCain',2.84,2.84,'/un','Congelados','Frutas e Legumes','https://www.continente.pt/stores/continente/pt-pt/public/Pages/ProductDetail.aspx?ProductId=2241870(eCsf_RetekProductCatalog_MegastoreContinenteOnline_Continente)','/images/batataGolden.jpg',1.00),(75,3,'Batata Golden Long %|%McCain',2.79,2.79,'/un','Congelados','Frutas e Legumes','https://www.jumbo.pt/Frontoffice/congelados/legumes_e_frutas/batata/batatas_pre-fritasmccaingolden_long1_kg/330924/Auchan_Amadora?sid=eceb297e-def3-4aa4-ab84-6338181875d7_0','/images/batataGolden.jpg',1.00),(76,1,'Grelos Natur+ Mil-Folhas %|%Bonduelle',1.89,1.89,'/un','Congelados','Frutas e Legumes','https://mercadao.pt/store/pingo-doce/search?queries=grelos%20natur%2B','/images/grelosBonduelle.jpg',1.00),(77,2,'Grelos Natur+ Mil-Folhas %|%Bonduelle',1.89,1.89,'/un','Congelados','Frutas e Legumes','https://www.continente.pt/stores/continente/pt-pt/public/Pages/ProductDetail.aspx?ProductId=5391869(eCsf_RetekProductCatalog_MegastoreContinenteOnline_Continente)','/images/grelosBonduelle.jpg',1.00),(78,3,'Grelos Natur+ Mil-Folhas %|%Bonduelle',1.79,1.79,'/un','Congelados','Frutas e Legumes','https://www.jumbo.pt/Frontoffice/congelados/legumes_e_frutas/legumes_simples/grelos_nabobonduelleem_folhas400_g/1153021/Auchan_Amadora?sid=bb165610-9333-4f41-86c5-28e5f81b7bb9_0','/images/grelosBonduelle.jpg',1.00),(79,1,'Água Júnior 6 Un. 33cl %|%Luso',1.75,1.75,'/un','Bebidas','Águas','https://mercadao.pt/store/pingo-doce/search?queries=%C3%A1gua%20luso%20junior%20pack','/images/lusoJunior.jpg',1.00),(80,2,'Água Júnior 6 Un. 33cl %|%Luso',1.99,1.99,'/un','Bebidas','Águas','https://www.continente.pt/stores/continente/pt-pt/public/Pages/ProductDetail.aspx?ProductId=3036370(eCsf_RetekProductCatalog_MegastoreContinenteOnline_Continente)','/images/lusoJunior.jpg',1.00),(81,3,'Água Júnior 6 Un. 33cl %|%Luso',1.69,1.69,'/un','Bebidas','Águas','https://www.jumbo.pt/Frontoffice/bebidas/aguas/aguas_sem_gas/agua_minerallusojunior6x033_lt/515358/Auchan_Amadora?sid=f22bae5f-5aa1-4b06-8b37-450126d855ed_9','/images/lusoJunior.jpg',1.00),(82,1,'Água com Gás Limão 4 Un. %|%Frize ',2.59,2.59,'/un','Bebidas','Águas','https://mercadao.pt/store/pingo-doce/search?queries=frize%20limao','/images/frizeLimao.jpg',1.00),(83,2,'Água com Gás Limão 4 Un. %|%Frize ',2.59,2.59,'/un','Bebidas','Águas','https://www.continente.pt/stores/continente/pt-pt/public/Pages/ProductDetail.aspx?ProductId=3036362(eCsf_RetekProductCatalog_MegastoreContinenteOnline_Continente)','/images/frizeLimao.jpg',1.00),(84,3,'Água com Gás Limão 4 Un. %|%Frize ',2.39,2.39,'/un','Bebidas','Águas','https://www.jumbo.pt/Frontoffice/bebidas/aguas/aguas_com_sabores/bebida_c_gasfrizelimao4x025_lt/545115/Auchan_Amadora?sid=882056a5-f726-4269-93f2-cfb74108b3d5_0','/images/frizeLimao.jpg',1.00),(85,1,'Garrafão de Água %|%Vitalis',1.79,1.79,'/un','Bebidas','Águas','https://mercadao.pt/store/pingo-doce/search?queries=garraf%C3%A3o%20%C3%A1gua%20vitalis','/images/garrafaoVitalis.jpg',1.00),(86,2,'Garrafão de Água %|%Vitalis',1.79,1.79,'/un','Bebidas','Águas','https://www.continente.pt/stores/continente/pt-pt/public/Pages/ProductDetail.aspx?ProductId=6082987(eCsf_RetekProductCatalog_MegastoreContinenteOnline_Continente)','/images/garrafaoVitalis.jpg',1.00),(87,3,'Garrafão de Água %|%Vitalis',1.77,1.77,'/un','Bebidas','Águas','https://www.jumbo.pt/Frontoffice/bebidas/aguas/aguas_sem_gas/aguavitalispet6lt/2464159/Auchan_Amadora?sid=95e2f561-cceb-4154-a34b-34f53de0d17a_6','/images/garrafaoVitalis.jpg',1.00),(88,1,'Água com Gás 6 Un. %|%Pedras Salgadas',3.69,3.69,'/un','Bebidas','Águas','https://mercadao.pt/store/pingo-doce/search?queries=%C3%A1gua%20pedras','/images/aguaPedras.jpg',1.00),(89,2,'Água com Gás 6 Un. %|%Pedras Salgadas',3.69,3.69,'/un','Bebidas','Águas','https://www.continente.pt/stores/continente/pt-pt/public/Pages/ProductDetail.aspx?ProductId=3692424(eCsf_RetekProductCatalog_MegastoreContinenteOnline_Continente)','/images/aguaPedras.jpg',1.00),(90,3,'Água com Gás 6 Un. %|%Pedras Salgadas',2.30,2.30,'/un','Bebidas','Águas','https://www.jumbo.pt/Frontoffice/bebidas/aguas/aguas_com_gas/agua_cgaspedras_salgadaspet6x033_lt/747132/Auchan_Amadora?sid=9078c980-55de-42b3-ad0f-51dd4d0b08f7_3','/images/aguaPedras.jpg',1.00),(91,1,'Água com Gás 6 Un. %|%Castello ',2.69,2.69,'/un','Bebidas','Águas','https://mercadao.pt/store/pingo-doce/search?queries=agua%20castello','/images/aguaCastello.jpg',1.00),(92,2,'Água com Gás 6 Un. %|%Castello ',2.69,2.69,'/un','Bebidas','Águas','https://www.continente.pt/stores/continente/pt-pt/public/Pages/ProductDetail.aspx?ProductId=3036323(eCsf_RetekProductCatalog_MegastoreContinenteOnline_Continente)','/images/aguaCastello.jpg',1.00),(93,3,'Água com Gás 6 Un. %|%Castello ',2.59,2.59,'/un','Bebidas','Águas','https://www.jumbo.pt/Frontoffice/bebidas/aguas/aguas_com_gas/agua_cgascastello6x025_lt/427261/Auchan_Amadora?sid=54b283d7-4081-4b0d-86cd-09c0163274a3_6','/images/aguaCastello.jpg',1.00),(94,1,'Refrigerante com Gás 1L %|%Coca-Cola  ',1.35,1.35,'/un','Bebidas','Sumos e Refrigerantes','https://mercadao.pt/store/pingo-doce/search?queries=coca%20cola','/images/cocaCola.jpg',1.00),(95,2,'Refrigerante com Gás 1L %|%Coca-Cola  ',1.74,1.74,'/un','Bebidas','Sumos e Refrigerantes','https://www.continente.pt/stores/continente/pt-pt/public/Pages/ProductDetail.aspx?ProductId=6640991(eCsf_RetekProductCatalog_MegastoreContinenteOnline_Continente)','/images/cocaCola.jpg',1.00),(96,3,'Refrigerante com Gás 1L %|%Coca-Cola  ',1.38,1.38,'/un','Bebidas','Sumos e Refrigerantes','https://www.jumbo.pt/Frontoffice/bebidas/refrigerantes/refrigerantes_com_gas/refrigerante_c_gascoca-colasabor_original1_lt/1036919/Auchan_Amadora?sid=ac423253-9809-4c5a-b057-4da4559fee53_2','/images/cocaCola.jpg',1.00),(97,1,'Refrigerante com Gás de Laranja 1.5L %|%Fanta',1.49,1.49,'/un','Bebidas','Sumos e Refrigerantes','https://mercadao.pt/store/pingo-doce/search?queries=fanta%20laranja','/images/fantaLaranja.jpg',1.00),(98,2,'Refrigerante com Gás de Laranja 1.5L %|%Fanta',1.49,1.49,'/un','Bebidas','Sumos e Refrigerantes','https://www.continente.pt/stores/continente/pt-pt/public/Pages/ProductDetail.aspx?ProductId=2051110(eCsf_RetekProductCatalog_MegastoreContinenteOnline_Continente)','/images/fantaLaranja.jpg',1.00),(99,3,'Refrigerante com Gás de Laranja 1.5L %|%Fanta',1.29,1.29,'/un','Bebidas','Sumos e Refrigerantes','https://www.jumbo.pt/Frontoffice/bebidas/refrigerantes/refrigerantes_com_gas/refrigerante_cgasfantalaranja_zero_pet15_lt/1000362/Auchan_Amadora?sid=e9abf51b-2feb-4b1f-90e9-006e4042f607_1','/images/fantaLaranja.jpg',1.00),(100,1,'Ice Tea Pêssego 2L %|%Lipton',2.59,2.59,'/un','Bebidas','Sumos e Refrigerantes','https://www.jumbo.pt/Frontoffice/bebidas/refrigerantes/ice_tea_e_outros/ice_tealiptonpessego2_lt/916637/Auchan_Amadora?sid=9bfbb1a4-7fb8-406c-8857-56f690f40c5f_3','/images/liptonPessego.jpg',1.00),(101,2,'Ice Tea Pêssego 2L %|%Lipton',2.59,2.59,'/un','Bebidas','Sumos e Refrigerantes','https://www.continente.pt/stores/continente/pt-pt/public/Pages/ProductDetail.aspx?ProductId=4422941(eCsf_RetekProductCatalog_MegastoreContinenteOnline_Continente)','/images/liptonPessego.jpg',1.00),(102,3,'Ice Tea Pêssego 2L %|%Lipton',2.49,2.49,'/un','Bebidas','Sumos e Refrigerantes','https://www.jumbo.pt/Frontoffice/bebidas/refrigerantes/ice_tea_e_outros/ice_tealiptonpessego2_lt/916637/Auchan_Amadora?sid=9bfbb1a4-7fb8-406c-8857-56f690f40c5f_3','/images/liptonPessego.jpg',1.00),(103,1,'Concentrado de Laranja 70cl %|%Sunquick',4.99,4.99,'/un','Bebidas','Sumos e Refrigerantes','https://mercadao.pt/store/pingo-doce/search?queries=sunquick%20laranja','/images/sunquickPT.jpg',1.00),(104,2,'Concentrado de Laranja 70cl %|%Sunquick',4.99,4.99,'/un','Bebidas','Sumos e Refrigerantes','https://www.continente.pt/stores/continente/pt-pt/public/Pages/ProductDetail.aspx?ProductId=6188141(eCsf_RetekProductCatalog_MegastoreContinenteOnline_Continente)','/images/sunquickPT.jpg',1.00),(105,3,'Concentrado de Laranja 70cl %|%Sunquick',4.84,4.84,'/un','Bebidas','Sumos e Refrigerantes','https://www.jumbo.pt/Frontoffice/bebidas/sumos_e_nectares/concentrados/concentradosunquicklaranja700_ml/2478689/Auchan_Amadora?sid=739fd396-cd26-4194-9bf0-497019330206_7','/images/sunquickPT.jpg',1.00),(106,1,'Bebida Energética %|%Red Bull',1.99,1.99,'/un','Bebidas','Sumos e Refrigerantes','https://mercadao.pt/store/pingo-doce/search?queries=red%20bull','/images/redBull.jpg',1.00),(107,2,'Bebida Energética %|%Red Bull',1.99,1.99,'/un','Bebidas','Sumos e Refrigerantes','https://www.continente.pt/stores/continente/pt-pt/public/Pages/ProductDetail.aspx?ProductId=4139663(eCsf_RetekProductCatalog_MegastoreContinenteOnline_Continente)','/images/redBull.jpg',1.00),(108,3,'Bebida Energética %|%Red Bull',1.93,1.93,'/un','Bebidas','Sumos e Refrigerantes','https://www.jumbo.pt/Frontoffice/bebidas/energeticos_e_isotonicos/energeticos_e_isotonicos/bebida_energeticared_bullenergy_drink355_ml/893753/Auchan_Amadora?sid=ca5c3d03-4c4d-4ca6-bae6-46fcd48eedec_1','/images/redBull.jpg',1.00),(109,1,'Vinho Tinto 75cl %|%EA',5.49,5.49,'/un','Bebidas','Vinhos','https://mercadao.pt/store/pingo-doce/search?queries=tinto%20EA','/images/tintoEA.jpg',1.00),(110,2,'Vinho Tinto 75cl %|%EA',5.49,5.49,'/un','Bebidas','Vinhos','https://www.continente.pt/stores/continente/pt-pt/public/Pages/ProductDetail.aspx?ProductId=5331018(eCsf_RetekProductCatalog_MegastoreContinenteOnline_Continente)','/images/tintoEA.jpg',1.00),(111,3,'Vinho Tinto 75cl %|%EA',5.09,5.09,'/un','Bebidas','Vinhos','https://www.jumbo.pt/Frontoffice/bebidas/vinho_marca/alentejo_tinto/vinho_tintoearegional_alentejo075_lt/505835/Auchan_Amadora?sid=3ecb75a8-57df-45f1-8245-6e6116e5932d_0','/images/tintoEA.jpg',1.00),(112,1,'Vinho Verde Branco 75cl %|%Gazela',3.49,3.49,'/un','Bebidas','Vinhos','https://mercadao.pt/store/pingo-doce/search?queries=branco%20gazela','/images/brancoGazela.jpg',1.00),(113,2,'Vinho Verde Branco 75cl %|%Gazela',3.49,3.49,'/un','Bebidas','Vinhos','https://www.continente.pt/stores/continente/pt-pt/public/Pages/searchResults.aspx?k=branco%20gazela','/images/brancoGazela.jpg',1.00),(114,3,'Vinho Verde Branco 75cl %|%Gazela',3.35,3.35,'/un','Bebidas','Vinhos','https://www.jumbo.pt/Frontoffice/bebidas/vinho_marca/vinhos_verdes_frisantes_e_lambrusco/vinho_brancogazelavinhos_verdes075_lt/38544/Auchan_Amadora?sid=059f6311-01cb-45e9-b04a-6b2e003d47de_0','/images/brancoGazela.jpg',1.00),(115,1,'Vinho Tinto 75cl %|%Evel Douro',5.49,5.49,'/un','Bebidas','Vinhos','https://mercadao.pt/store/pingo-doce/search?queries=evel%20douro%20tinto','/images/tintoDouro.jpg',1.00),(116,2,'Vinho Tinto 75cl %|%Evel Douro',5.49,5.49,'/un','Bebidas','Vinhos','https://www.continente.pt/stores/continente/pt-pt/public/Pages/ProductDetail.aspx?ProductId=2050261(eCsf_RetekProductCatalog_MegastoreContinenteOnline_Continente)','/images/tintoDouro.jpg',1.00),(117,3,'Vinho Tinto 75cl %|%Evel Douro',4.99,4.99,'/un','Bebidas','Vinhos','https://www.jumbo.pt/Frontoffice/bebidas/vinho_marca/douro_tinto/vinho_tintoeveldouro075_lt/8497/Auchan_Amadora?sid=fa155c02-30ea-4a23-9e13-d76bb2675b0b_1','/images/tintoDouro.jpg',1.00),(118,1,'Cerveja Mini 15 Un. %|%Sagres',13.19,13.19,'/un','Bebidas','Cervejas','https://mercadao.pt/store/pingo-doce/search?queries=sagres%20mini','/images/sagresMini.jpg',1.00),(119,2,'Cerveja Mini 15 Un. %|%Sagres',13.19,13.19,'/un','Bebidas','Cervejas','https://www.continente.pt/stores/continente/pt-pt/public/Pages/ProductDetail.aspx?ProductId=5406597(eCsf_RetekProductCatalog_MegastoreContinenteOnline_Continente)','/images/sagresMini.jpg',1.00),(120,3,'Cerveja Mini 15 Un. %|%Sagres',10.49,10.49,'/un','Bebidas','Cervejas','https://www.jumbo.pt/Frontoffice/bebidas/cervejas/cerveja_com_alcool/cervejasuper_bockmini15x020_lt/910128/Auchan_Amadora?sid=b367ba7f-5c36-41bb-9a3c-5a1f345ccd25_0','/images/sagresMini.jpg',1.00),(121,1,'Cerveja Bohemia Original %|%Sagres',5.99,5.99,'/un','Bebidas','Cervejas','https://mercadao.pt/store/pingo-doce/search?queries=bohemia%20original','/images/sagresBohemia.jpg',1.00),(122,2,'Cerveja Bohemia Original %|%Sagres',5.99,5.99,'/un','Bebidas','Cervejas','https://www.continente.pt/stores/continente/pt-pt/public/Pages/ProductDetail.aspx?ProductId=5794563(eCsf_RetekProductCatalog_MegastoreContinenteOnline_Continente)','/images/sagresBohemia.jpg',1.00),(123,3,'Cerveja Bohemia Original %|%Sagres',4.99,4.99,'/un','Bebidas','Cervejas','https://www.jumbo.pt/Frontoffice/bebidas/cervejas/cerveja_com_alcool/cervejasagresbohemia_original6x033lt/2229226/Auchan_Amadora?sid=7b8ba541-cbd3-404d-90dc-523211f5974b_0','/images/sagresBohemia.jpg',1.00),(124,1,'Cerveja sem Álcool %|%Super Bock',5.99,5.99,'/un','Bebidas','Cervejas','https://mercadao.pt/store/pingo-doce/search?queries=super%20bock%20sem%20alcool','/images/semBock.jpg',1.00),(125,2,'Cerveja sem Álcool %|%Super Bock',5.99,5.99,'/un','Bebidas','Cervejas','https://www.continente.pt/stores/continente/pt-pt/public/Pages/ProductDetail.aspx?ProductId=3036228(eCsf_RetekProductCatalog_MegastoreContinenteOnline_Continente)','/images/semBock.jpg',1.00),(126,3,'Cerveja sem Álcool %|%Super Bock',5.79,5.79,'/un','Bebidas','Cervejas','https://www.jumbo.pt/Frontoffice/bebidas/cervejas/cerveja_sem_alcool/cervejasuper_bocksalcool6x033_lt/649138/Auchan_Amadora?sid=6da5943f-2ab9-40b3-a2e6-30b9fd401491_2','/images/semBock.jpg',1.00),(127,1,'Rum Carta Blanca 70cl %|%Bacardi',15.49,15.49,'/un','Bebidas','Whisky e Espirituosas','https://mercadao.pt/store/pingo-doce/search?queries=bacardi','/images/rumBacardi.jpg',1.00),(128,2,'Rum Carta Blanca 70cl %|%Bacardi',15.49,15.49,'/un','Bebidas','Whisky e Espirituosas','https://www.continente.pt/stores/continente/pt-pt/public/Pages/ProductDetail.aspx?ProductId=5521194(eCsf_RetekProductCatalog_MegastoreContinenteOnline_Continente)','/images/rumBacardi.jpg',1.00),(129,3,'Rum Carta Blanca 70cl %|%Bacardi',15.49,15.49,'/un','Bebidas','Whisky e Espirituosas','https://www.jumbo.pt/Frontoffice/bebidas/bebidas_espirituosas/rum_e_tequila/rhumbacardicarta_blanca070_lt/2180994/Auchan_Amadora?sid=6b8e2db2-8eba-4052-a6a3-1ec218432205_2','/images/rumBacardi.jpg',1.00),(130,1,'Licor 70cl %|%Beirão',10.69,10.69,'/un','Bebidas','Whisky e Espirituosas','https://mercadao.pt/store/pingo-doce/search?queries=licor%20beirao','/images/licorBeirao.jpg',1.00),(131,2,'Licor 70cl %|%Beirão',10.69,10.69,'/un','Bebidas','Whisky e Espirituosas','https://www.continente.pt/stores/continente/pt-pt/public/Pages/ProductDetail.aspx?ProductId=2050175(eCsf_RetekProductCatalog_MegastoreContinenteOnline_Continente)','/images/licorBeirao.jpg',1.00),(132,3,'Licor 70cl %|%Beirão',10.49,10.49,'/un','Bebidas','Whisky e Espirituosas','https://www.jumbo.pt/Frontoffice/bebidas/bebidas_espirituosas/licores/licorbeirao070_lt/20754/Auchan_Amadora?sid=d20a877c-ffc7-4e3a-9356-332348deed68_1','/images/licorBeirao.jpg',1.00),(133,1,'Vodka 70cl %|%Eristoff',11.49,11.49,'/un','Bebidas','Whisky e Espirituosas','https://mercadao.pt/store/pingo-doce/search?queries=vodka%20eristoff','/images/vodkaEristoff.jpg',1.00),(134,2,'Vodka 70cl %|%Eristoff',11.49,11.49,'/un','Bebidas','Whisky e Espirituosas','https://www.continente.pt/stores/continente/pt-pt/public/Pages/ProductDetail.aspx?ProductId=2050314(eCsf_RetekProductCatalog_MegastoreContinenteOnline_Continente)','/images/vodkaEristoff.jpg',1.00),(135,3,'Vodka 70cl %|%Eristoff',11.49,11.49,'/un','Bebidas','Whisky e Espirituosas','https://www.jumbo.pt/Frontoffice/bebidas/bebidas_espirituosas/gin_e_vodka/vodkaeristoffbrut070_lt/4714/Auchan_Amadora?sid=a53a1493-4966-4584-a858-d053bf52c6be_0','/images/vodkaEristoff.jpg',1.00),(136,1,'Whisky Irlandês %|%Jameson',18.49,18.49,'/un','Bebidas','Whisky e Espirituosas','https://mercadao.pt/store/pingo-doce/search?queries=jameson%20irlandes','/images/whiskyJameson.jpg',1.00),(137,2,'Whisky Irlandês %|%Jameson',18.99,18.99,'/un','Bebidas','Whisky e Espirituosas','https://www.continente.pt/stores/continente/pt-pt/public/Pages/ProductDetail.aspx?ProductId=2050751(eCsf_RetekProductCatalog_MegastoreContinenteOnline_Continente)','/images/whiskyJameson.jpg',1.00),(138,3,'Whisky Irlandês %|%Jameson',17.89,17.89,'/un','Bebidas','Whisky e Espirituosas','https://www.jumbo.pt/Frontoffice/bebidas/bebidas_espirituosas/whiskies_novos_e_bourbon/whisky_novojameson070_lt/1478/Auchan_Amadora?sid=6b1ae62c-c2c9-477a-8e66-4d39c07ce55c_3','/images/whiskyJameson.jpg',1.00),(139,1,'Whisky Malte 12 anos %|%Cardhu',32.49,32.49,'/un','Bebidas','Whisky e Espirituosas','https://mercadao.pt/store/pingo-doce/search?queries=cardhu','/images/malteCardhu.jpg',1.00),(140,2,'Whisky Malte 12 anos %|%Cardhu',32.49,32.49,'/un','Bebidas','Whisky e Espirituosas','https://www.continente.pt/stores/continente/pt-pt/public/Pages/ProductDetail.aspx?ProductId=2981514(eCsf_RetekProductCatalog_MegastoreContinenteOnline_Continente)','/images/malteCardhu.jpg',1.00),(141,3,'Whisky Malte 12 anos %|%Cardhu',31.49,31.49,'/un','Bebidas','Whisky e Espirituosas','https://www.jumbo.pt/Frontoffice/bebidas/bebidas_espirituosas/whiskies_malte_e_velhos/whisky_maltecardhu12_anos070_lt/8282/Auchan_Amadora?sid=7434cfe7-f9c2-4ca5-9c87-0df444386b28_0','/images/malteCardhu.jpg',1.00),(142,1,'Arroz Carolino %|%Bom Sucesso',1.09,1.09,'/un','Mercearia','Arroz, Massa e Feijão','https://mercadao.pt/store/pingo-doce/search?queries=arroz','/images/Arroz_bomsucesso_pingo.jpg',1.00),(143,2,'Arroz Carolino %|%Bom Sucesso',1.09,1.09,'/un','Mercearia','Arroz, Massa e Feijão','https://www.continente.pt/stores/continente/pt-pt/public/Pages/ProductDetail.aspx?ProductId=2769753(eCsf_RetekProductCatalog_MegastoreContinenteOnline_Continente)','/images/Arroz_bomsucesso_pingo.jpg',1.00),(144,3,'Arroz Carolino %|%Bom Sucesso',0.56,0.56,'/un','Mercearia','Arroz, Massa e Feijão','https://www.jumbo.pt/Frontoffice/mercearia_salgada/arroz_e_massa/arroz_agulha_e_carolino/arroz_carolinobom_sucesso500_gr/708885/Auchan_Amadora?sid=fd0e1821-67fc-40ba-bcfc-258cf1dcff6d_8','/images/Arroz_bomsucesso_pingo.jpg',1.00),(145,1,'Arroz Agulha %|%Saludães',1.12,1.12,'/un','Mercearia','Arroz, Massa e Feijão','https://mercadao.pt/store/pingo-doce/search?queries=arroz','/images/Arroz_saludaes_pingo.jpg',1.00),(146,2,'Arroz Agulha %|%Saludães',0.84,0.84,'/un','Mercearia','Arroz, Massa e Feijão','https://www.continente.pt/stores/continente/pt-pt/public/Pages/ProductDetail.aspx?ProductId=4837858(eCsf_RetekProductCatalog_MegastoreContinenteOnline_Continente)','/images/Arroz_saludaes_pingo.jpg',1.00),(147,3,'Arroz Agulha %|%Saludães',1.08,1.08,'/un','Mercearia','Arroz, Massa e Feijão','https://www.jumbo.pt/Frontoffice/mercearia_salgada/arroz_e_massa/arroz_agulha_e_carolino/arrozsaludaesagulha_extra_longo1_kg/3353/Auchan_Amadora?sid=8f93e462-cce7-42d7-b7a0-a243e20dfa6b_12','/images/Arroz_saludaes_pingo.jpg',1.00),(148,1,'Grão de Bico %|%Ferbar',0.99,0.99,'/un','Mercearia','Arroz, Massa e Feijão','https://mercadao.pt/store/pingo-doce/search?queries=feij%C3%A3o','/images/Grao_ferbar_pingo.jpg',1.00),(149,2,'Grão de Bico %|%Ferbar',0.99,0.99,'/un','Mercearia','Arroz, Massa e Feijão','https://www.continente.pt/stores/continente/pt-pt/public/Pages/ProductDetail.aspx?ProductId=2965775(eCsf_RetekProductCatalog_MegastoreContinenteOnline_Continente)','/images/Grao_ferbar_pingo.jpg',1.00),(150,3,'Grão de Bico %|%Ferbar',0.96,0.96,'/un','Mercearia','Arroz, Massa e Feijão','https://www.jumbo.pt/Frontoffice/mercearia_salgada/conserva_vegetais/cogumelomilhoervilha_feijao_e_outros/grao_bicoferbar410_g/623472/Auchan_Amadora?sid=dbb2f88a-5724-45b8-894e-e458bb181f3c_10','/images/Grao_ferbar_pingo.jpg',1.00),(151,1,'Açúcar Mascavado %|%Sidul',1.30,1.58,'/un','Mercearia','Açúcar, Farinha e Ovos','https://mercadao.pt/store/pingo-doce/search?queries=a%C3%A7ucar','/images/Acucar_sidul_pingo.jpg',0.82),(152,2,'Açúcar Mascavado %|%Sidul',1.58,1.58,'/un','Mercearia','Açúcar, Farinha e Ovos','https://www.continente.pt/stores/continente/pt-pt/public/Pages/ProductDetail.aspx?ProductId=2678199(eCsf_RetekProductCatalog_MegastoreContinenteOnline_Continente)','/images/Acucar_sidul_pingo.jpg',1.00),(153,3,'Açúcar Mascavado %|%Sidul',1.52,1.52,'/un','Mercearia','Açúcar, Farinha e Ovos','https://www.jumbo.pt/Frontoffice/mercearia_doce/acucar_e_adocante/acucar_e_adocante/acucar_mascavadosidul500_g/545023/Auchan_Amadora?sid=c88655f5-717e-4657-9895-d5104d0de20e_0','/images/Acucar_sidul_pingo.jpg',1.00),(154,1,'Farinha Doce %|%Globo',2.29,2.29,'/un','Mercearia','Açúcar, Farinha e Ovos','https://mercadao.pt/store/pingo-doce/search?queries=farinha','/images/Farinha_globo_pingo.jpg',1.00),(155,2,'Farinha Doce %|%Globo',2.29,2.29,'/un','Mercearia','Açúcar, Farinha e Ovos','https://www.continente.pt/stores/continente/pt-pt/public/Pages/ProductDetail.aspx?ProductId=2816622(eCsf_RetekProductCatalog_MegastoreContinenteOnline_Continente)','/images/Farinha_globo_pingo.jpg',1.00),(156,1,'Ovos 6 Un. %|%Matinados',1.49,1.49,'/un','Mercearia','Açúcar, Farinha e Ovos','https://mercadao.pt/store/pingo-doce/search?queries=ovos','/images/Ovos_matinados_pingo.jpg',1.00),(157,2,'Ovos 6 Un. %|%Matinados',1.49,1.49,'/un','Mercearia','Açúcar, Farinha e Ovos','https://www.continente.pt/stores/continente/pt-pt/public/Pages/searchResults.aspx?k=ovos%20matinados','/images/Ovos_matinados_pingo.jpg',1.00),(158,1,'Azeite Extra Reserva %|%Gallo',5.99,5.99,'/un','Mercearia','Azeite, Óleo e Vinagre','https://mercadao.pt/store/pingo-doce/search?queries=azeite%20gallo','/images/Azeite_gallo_pingo.jpg',1.00),(159,2,'Azeite Extra Reserva %|%Gallo',3.99,3.99,'/un','Mercearia','Azeite, Óleo e Vinagre','https://www.continente.pt/stores/continente/pt-pt/public/Pages/ProductDetail.aspx?ProductId=5409202(eCsf_RetekProductCatalog_MegastoreContinenteOnline_Continente)','/images/Azeite_gallo_pingo.jpg',1.00),(160,3,'Azeite Extra Reserva %|%Gallo',4.35,4.35,'/un','Mercearia','Azeite, Óleo e Vinagre','https://www.jumbo.pt/Frontoffice/mercearia_salgada/azeites_oleo_e_vinagre/azeite_virgem_e_extra_virgem/azeite_virgem_extragalloreserva750_ml/643782/Auchan_Amadora?sid=26426623-ef83-442b-b6b9-b053ef65587e_2','/images/Azeite_gallo_pingo.jpg',1.00),(161,1,'Vinagre Balsâmico %|%Gallo',2.25,2.25,'/un','Mercearia','Azeite, Óleo e Vinagre','https://mercadao.pt/store/pingo-doce/search?queries=Vinagre%20Bals%C3%A2mico%20Gallo%20%20','/images/Vinagre_gallo_pingo.jpg',1.00),(162,2,'Vinagre Balsâmico %|%Gallo',2.25,2.25,'/un','Mercearia','Azeite, Óleo e Vinagre','https://www.continente.pt/stores/continente/pt-pt/public/Pages/ProductDetail.aspx?ProductId=3847653(eCsf_RetekProductCatalog_MegastoreContinenteOnline_Continente)','/images/Vinagre_gallo_pingo.jpg',1.00),(163,1,'Óleo Alimentar %|%Fula',2.14,2.14,'/un','Mercearia','Azeite, Óleo e Vinagre','https://mercadao.pt/store/pingo-doce/search?queries=%C3%93leo%20alimentar%20fula','/images/Oleo_fula_pingo.jpg',1.00),(164,2,'Óleo Alimentar %|%Fula',1.59,1.59,'/un','Mercearia','Azeite, Óleo e Vinagre','https://www.continente.pt/stores/continente/pt-pt/public/Pages/ProductDetail.aspx?ProductId=2004635(eCsf_RetekProductCatalog_MegastoreContinenteOnline_Continente)','/images/Oleo_fula_pingo.jpg',1.00),(165,3,'Óleo Alimentar %|%Fula',2.12,2.12,'/un','Mercearia','Azeite, Óleo e Vinagre','https://www.jumbo.pt/Frontoffice/mercearia_salgada/azeites_oleo_e_vinagre/oleo_girassol_amendoim_soja/oleo_alimentarfula1_lt/5845/Auchan_Amadora?sid=55b41c73-87b7-45c6-a20b-60447ebc500e_2','/images/Oleo_fula_pingo.jpg',1.00),(166,1,'Caril em pó %|%Margão',1.39,1.39,'/un','Mercearia','Temperos','https://mercadao.pt/store/pingo-doce/search?queries=Sal','/images/Caril_margao_pingo.jpg',1.00),(167,3,'Caril em pó %|%Margão',1.33,1.33,'/un','Mercearia','Temperos','https://www.jumbo.pt/Frontoffice/mercearia_salgada/sal_ervas_temperos_outros/caril_acafrao_e_pimentao_doce/carilmargao50_g/8866/Auchan_Amadora?sid=f551feb8-ceef-4cdf-b51b-c48e91e61a2d_2','/images/Caril_margao_pingo.jpg',1.00),(168,1,'Caldo de Carne %|%Knorr',1.59,1.59,'/un','Mercearia','Temperos','https://mercadao.pt/store/pingo-doce/search?queries=Caldo','/images/Caldo_knorr_pingo.jpg',1.00),(169,2,'Caldo de Carne %|%Knorr',1.59,1.59,'/un','Mercearia','Temperos','https://www.continente.pt/stores/continente/pt-pt/public/Pages/ProductDetail.aspx?ProductId=2004163(eCsf_RetekProductCatalog_MegastoreContinenteOnline_Continente)','/images/Caldo_knorr_pingo.jpg',1.00),(170,3,'Caldo de Carne %|%Knorr',1.53,1.53,'/un','Mercearia','Temperos','https://www.jumbo.pt/Frontoffice/mercearia_salgada/polpas_caldos_e_temperos/caldo_carne_peixe_e_legumes/caldo_carneknorr8_cubos80gr/1671/Auchan_Amadora?sid=f67f7f39-ebb2-441b-92fe-d975747bb692_3','/images/Caldo_knorr_pingo.jpg',1.00),(171,1,'Molho Francesinha %|%Guloso',2.99,2.99,'/un','Mercearia','Temperos','https://mercadao.pt/store/pingo-doce/search?queries=molho%20francesinha','/images/Molho_guloso_pingo.jpg',1.00),(172,2,'Molho Francesinha %|%Guloso',2.99,2.99,'/un','Mercearia','Temperos','https://www.continente.pt/stores/continente/pt-pt/public/Pages/ProductDetail.aspx?ProductId=5198480(eCsf_RetekProductCatalog_MegastoreContinenteOnline_Continente)','/images/Molho_guloso_pingo.jpg',1.00),(173,3,'Molho Francesinha %|%Guloso',2.87,2.87,'/un','Mercearia','Temperos','https://www.jumbo.pt/Frontoffice/mercearia_salgada/maionese_ketchup_mostarda_outros/maionese_ketchup_e_mostarda/molhogulosofrancesinha500_g/1182047/Auchan_Amadora?sid=9692d0ff-b44a-41a8-9d1d-d2dc825de0c1_0','/images/Molho_guloso_pingo.jpg',1.00),(174,1,'Cereais Estrelitas %|%Nestlé',6.63,6.63,'/un','Mercearia','Cereais','https://mercadao.pt/store/pingo-doce/search?queries=Estrelitas','/images/Cereais_estrelitas_pingo.jpg',1.00),(175,2,'Cereais Estrelitas %|%Nestlé',6.53,6.53,'/un','Mercearia','Cereais','https://www.continente.pt/stores/continente/pt-pt/public/Pages/ProductDetail.aspx?ProductId=6172488(eCsf_RetekProductCatalog_MegastoreContinenteOnline_Continente)','/images/Cereais_estrelitas_pingo.jpg',1.00),(176,3,'Cereais Estrelitas %|%Nestlé',6.53,6.53,'/un','Mercearia','Cereais','https://www.jumbo.pt/Frontoffice/bebe_e_crianca/alimentacao/papas_e_cereais/cereais_criancanestleestrelitas_mel550g/2494220/Auchan_Amadora?sid=c26fffea-75d1-45d5-901f-5236a49a943d_0','/images/Cereais_estrelitas_pingo.jpg',1.00),(177,1,'Cereais Chocapic %|%Nestlé',2.69,2.69,'/un','Mercearia','Cereais','https://mercadao.pt/store/pingo-doce/search?queries=Chocapic','/images/Cereais_chocapic_pingo.jpg',1.00),(178,2,'Cereais Chocapic %|%Nestlé',2.69,2.69,'/un','Mercearia','Cereais','https://www.continente.pt/stores/continente/pt-pt/public/Pages/ProductDetail.aspx?ProductId=2004742(eCsf_RetekProductCatalog_MegastoreContinenteOnline_Continente)','/images/Cereais_chocapic_pingo.jpg',1.00),(179,3,'Cereais Chocapic %|%Nestlé',1.88,1.88,'/un','Mercearia','Cereais','https://www.jumbo.pt/Frontoffice/mercearia_doce/cereais_e_barras/crianca/cereaisnestlechocapic375_g/36138/Auchan_Amadora?sid=27cf66b4-cd57-4658-ae9d-52988cb0e7fd_2','/images/Cereais_chocapic_pingo.jpg',1.00),(180,1,'Cereais Integrais Nestum Mel %|%Nestlé',1.79,1.79,'/un','Mercearia','Cereais','https://mercadao.pt/store/pingo-doce/search?queries=Chocapic','/images/Cereais_nestum_pingo.jpg',1.00),(181,2,'Cereais Integrais Nestum Mel %|%Nestlé',1.29,1.29,'/un','Mercearia','Cereais','https://www.continente.pt/stores/continente/pt-pt/public/Pages/ProductDetail.aspx?ProductId=4961652(eCsf_RetekProductCatalog_MegastoreContinenteOnline_Continente)','/images/Cereais_nestum_pingo.jpg',1.00),(182,3,'Cereais Integrais Nestum Mel %|%Nestlé',1.69,1.69,'/un','Mercearia','Cereais','https://www.jumbo.pt/Frontoffice/mercearia_doce/cereais_e_barras/flocos_cereais/cereaisnestummel300_gr/36065/Auchan_Amadora?sid=991060cf-d9a6-465b-8a46-794ec548488c_0','/images/Cereais_nestum_pingo.jpg',1.00),(183,1,'Snack Donuts Classic %|%Donuts',2.59,2.59,'/un','Bolachas e Doces','Bolos e Sobremesas','https://mercadao.pt/store/pingo-doce/category/mercearia-11/snacks-1119/snacks-%20doces-111911','/images/Snack_donut_pingo.jpg',1.00),(184,2,'Snack Donuts Classic %|%Donuts',1.39,1.39,'/un','Bolachas e Doces','Bolos e Sobremesas','https://www.continente.pt/stores/continente/pt-pt/public/Pages/ProductDetail.aspx?ProductId=4714094(eCsf_RetekProductCatalog_MegastoreContinenteOnline_Continente)','/images/Snack_donut_pingo.jpg',1.00),(185,3,'Snack Donuts Classic %|%Donuts',2.11,2.11,'/un','Bolachas e Doces','Bolos e Sobremesas','https://www.jumbo.pt/Frontoffice/produtos_frescos/padaria_e_pastelaria/bolos_embalados/donutsglace4un_200g/1870/Auchan_Amadora?sid=a14f5a8c-0ae0-4546-a1b0-6fda1f244ff7_3','/images/Snack_donut_pingo.jpg',1.00),(186,1,'Snack Bollycao Classic %|%Bollycao',1.49,1.49,'/un','Mercearia','Snacks','https://mercadao.pt/store/pingo-doce/search?queries=bollycao','/images/Snack_bollycao_pingo.jpg',1.00),(187,2,'Snack Bollycao Classic %|%Bollycao',1.49,1.49,'/un','Mercearia','Snacks','https://www.continente.pt/stores/continente/pt-pt/public/Pages/ProductDetail.aspx?ProductId=4949604(eCsf_RetekProductCatalog_MegastoreContinenteOnline_Continente)','/images/Snack_bollycao_pingo.jpg',1.00),(188,3,'Snack Bollycao Classic %|%Bollycao',1.43,1.43,'/un','Mercearia','Snacks','https://www.jumbo.pt/Frontoffice/produtos_frescos/padaria_e_pastelaria/bolos_embalados/bolo_recheadobollycaopack_2114_g/1100143/Auchan_Amadora?sid=eda19cb6-2dd9-4441-a07d-f4f88101060c_4','/images/Snack_bollycao_pingo.jpg',1.00),(189,1,'Snack TexMex %|%Doritos',1.29,1.29,'/un','Mercearia','Snacks','https://mercadao.pt/store/pingo-doce/search?queries=doritos','/images/Snack_doritos_pingo.jpg',1.00),(190,2,'Snack TexMex %|%Doritos',1.29,1.29,'/un','Mercearia','Snacks','https://www.continente.pt/stores/continente/pt-pt/public/Pages/ProductDetail.aspx?ProductId=2727930(eCsf_RetekProductCatalog_MegastoreContinenteOnline_Continente)','/images/Snack_doritos_pingo.jpg',1.00),(191,3,'Snack TexMex %|%Doritos',1.25,1.25,'/un','Mercearia','Snacks','https://www.jumbo.pt/Frontoffice/mercearia_salgada/batatas_fritas_e_aperitivos_snacks/aperitivos_snacks_e_pipocas/aperitivosdoritostex_mex120_g/555313/Auchan_Amadora?sid=04d0eb76-2683-4d8c-9a99-b47ff6287314_2','/images/Snack_doritos_pingo.jpg',1.00),(192,1,'Atum %|%Bom Petisco',4.78,4.78,'/un','Mercearia','Conservas','https://mercadao.pt/store/pingo-doce/category/mercearia-11/conservas-1115/atum-e-sardinha-111511','/images/Atum_bompetisco_pingo.jpg',1.00),(193,2,'Atum %|%Bom Petisco',4.78,4.78,'/un','Mercearia','Conservas','https://www.continente.pt/stores/continente/pt-pt/public/Pages/ProductDetail.aspx?ProductId=2003649(eCsf_RetekProductCatalog_MegastoreContinenteOnline_Continente)','/images/Atum_bompetisco_pingo.jpg',1.00),(194,3,'Atum %|%Bom Petisco',5.27,5.27,'/un','Mercearia','Conservas','https://www.jumbo.pt/Frontoffice/mercearia_salgada/conserva_peixe/atum/atumbom_petiscoposta_azeite385_gr/2175238/Auchan_Amadora?sid=960bd967-8052-465e-9f21-be8207d302d4_0','/images/Atum_bompetisco_pingo.jpg',1.00),(195,1,'Paté Frango %|%La Piara',1.54,1.54,'/un','Mercearia','Conservas','https://mercadao.pt/store/pingo-doce/category/mercearia-11/conservas-1115/pates-111516','/images/Pate_lapiara_pingo.jpg',1.00),(196,2,'Paté Frango %|%La Piara',1.54,1.54,'/un','Mercearia','Conservas','https://www.continente.pt/stores/continente/pt-pt/public/Pages/ProductDetail.aspx?ProductId=2963777(eCsf_RetekProductCatalog_MegastoreContinenteOnline_Continente)','/images/Pate_lapiara_pingo.jpg',1.00),(197,3,'Paté Frango %|%La Piara',1.48,1.48,'/un','Mercearia','Conservas','https://www.jumbo.pt/Frontoffice/mercearia_salgada/conserva_carne/pates_e_pastas/patela_piarafrango75_g/643642/Auchan_Amadora?sid=19011e28-7f65-42e2-b255-0c7cb48d0823_0','/images/Pate_lapiara_pingo.jpg',1.00),(198,1,'Salsichas Frankfurt %|%Nobre',1.09,1.09,'/un','Mercearia','Conservas','https://mercadao.pt/store/pingo-doce/category/mercearia-11/conservas-1115/salsichas-111512','/images/Salsichas_nobrefrankfurt_pingo.jpg',1.00),(199,2,'Salsichas Frankfurt %|%Nobre',0.79,0.79,'/un','Mercearia','Conservas','https://www.continente.pt/stores/continente/pt-pt/public/Pages/ProductDetail.aspx?ProductId=2005211(eCsf_RetekProductCatalog_MegastoreContinenteOnline_Continente)','/images/Salsichas_nobrefrankfurt_pingo.jpg',1.00),(200,3,'Salsichas Frankfurt %|%Nobre',0.75,0.75,'/un','Mercearia','Conservas','https://www.jumbo.pt/Frontoffice/mercearia_salgada/conserva_carne/salsichas_porco/salsichas%Nobrelata_8_un200_g/14166/Auchan_Amadora?sid=1e3679b5-92f8-4d35-b44e-489242b1c332_24','/images/Salsichas_nobrefrankfurt_pingo.jpg',1.00),(201,1,'Café Solúvel Nescafé Gold %|%Nescafé',4.74,4.74,'/un','Mercearia','Café e Chá','https://mercadao.pt/store/pingo-doce/category/mercearia-11/cafe-e-cha-1125/cafe-112011','/images/Cafe_nescafegold_pingo.jpg',1.00),(202,2,'Café Solúvel Nescafé Gold %|%Nescafé',4.55,4.55,'/un','Mercearia','Café e Chá','https://www.jumbo.pt/Frontoffice/mercearia_doce/cafe_cha_e_infusao/cafe_saco_soluvel_e_cevadas/cafe_soluvelnescafegold100_g/36369/Auchan_Amadora?sid=ed6272cc-472e-4e02-8ce3-ce163e2c76c9_0','/images/Cafe_nescafegold_pingo.jpg',1.00),(203,3,'Café Solúvel Nescafé Gold %|%Nescafé',4.74,4.74,'/un','Mercearia','Café e Chá','https://www.continente.pt/stores/continente/pt-pt/public/Pages/ProductDetail.aspx?ProductId=2004692(eCsf_RetekProductCatalog_MegastoreContinenteOnline_Continente)','/images/Cafe_nescafegold_pingo.jpg',1.00),(204,1,'Cevada Pensal %|%Nestlé',2.29,2.29,'/un','Mercearia','Café e Chá','https://mercadao.pt/store/pingo-doce/category/mercearia-11/cafe-e-cha-1125/cevadas-e-misturas-112014','/images/Cevada_pensal_pingo.jpg',1.00),(205,2,'Cevada Pensal %|%Nestlé',2.29,2.29,'/un','Mercearia','Café e Chá','https://www.continente.pt/stores/continente/pt-pt/public/Pages/ProductDetail.aspx?ProductId=2004092(eCsf_RetekProductCatalog_MegastoreContinenteOnline_Continente)','/images/Cevada_pensal_pingo.jpg',1.00),(206,3,'Cevada Pensal %|%Nestlé',2.07,2.07,'/un','Mercearia','Café e Chá','https://www.jumbo.pt/Frontoffice/mercearia_doce/cafe_cha_e_infusao/cafe_saco_soluvel_e_cevadas/cevada_soluvelpensal200_gr/36400/Auchan_Amadora?sid=50656f82-6d18-4b3b-8101-8ae2a8280eec_1','/images/Cevada_pensal_pingo.jpg',1.00),(207,1,'Chá Infusão Camomila %|%Lipton',1.69,1.69,'/un','Mercearia','Café e Chá','https://mercadao.pt/store/pingo-doce/category/mercearia-11/cafe-e-cha-1125/cha-e-infusoes-112015','/images/Cha_lipton_pingo.jpg',1.00),(208,2,'Chá Infusão Camomila %|%Lipton',1.69,1.69,'/un','Mercearia','Café e Chá','https://www.continente.pt/stores/continente/pt-pt/public/Pages/ProductDetail.aspx?ProductId=3740106(eCsf_RetekProductCatalog_MegastoreContinenteOnline_Continente)','/images/Cha_lipton_pingo.jpg',1.00),(209,3,'Chá Infusão Camomila %|%Lipton',1.53,1.53,'/un','Mercearia','Café e Chá','https://www.jumbo.pt/Frontoffice/mercearia_doce/cafe_cha_e_infusao/infusoes/infusaoliptoncamomila_pyramid20_un/761605/Auchan_Amadora?sid=0e961b92-c90b-4ae6-9779-1a66e442fdda_1','/images/Cha_lipton_pingo.jpg',1.00),(210,1,'Leite Achocolatado %|%Ucal',3.96,3.96,'/un','Lacticínios','Leites','https://mercadao.pt/store/pingo-doce/category/lacticinios-15/leite-1511','/images/Leite_ucal_pingo.jpg',1.00),(211,2,'Leite Achocolatado %|%Ucal',3.96,3.96,'/un','Lacticínios','Leites','https://www.continente.pt/stores/continente/pt-pt/public/Pages/ProductDetail.aspx?ProductId=3036249(eCsf_RetekProductCatalog_MegastoreContinenteOnline_Continente)','/images/Leite_ucal_pingo.jpg',1.00),(212,3,'Leite Achocolatado %|%Ucal',2.97,2.97,'/un','Lacticínios','Leites','https://www.jumbo.pt/Frontoffice/produtos_lacteos/leites_soja_e_vegetais/uht/leiteucalcchocolate_garrafa6_x_250_ml/59459/Auchan_Amadora?sid=6871f450-e54d-4fab-ae1a-fdf4b28fd93c_9','/images/Leite_ucal_pingo.jpg',1.00),(213,1,'Leite Magro %|%Matinal',0.82,0.82,'/un','Lacticínios','Leites','https://mercadao.pt/store/pingo-doce/category/lacticinios-15/leite-1511','/images/Leite_matinal_pingo.jpg',1.00),(214,2,'Leite Magro %|%Matinal',0.69,0.69,'/un','Lacticínios','Leites','https://www.continente.pt/stores/continente/pt-pt/public/Pages/ProductDetail.aspx?ProductId=2211004(eCsf_RetekProductCatalog_MegastoreContinenteOnline_Continente)','/images/Leite_matinal_pingo.jpg',1.00),(215,3,'Leite Magro %|%Matinal',0.80,0.80,'/un','Lacticínios','Leites','https://www.jumbo.pt/Frontoffice/produtos_lacteos/leites_soja_e_vegetais/uht/leite_uhtmatinalespecial_magro1_litro/2137032/Auchan_Amadora?sid=c44d99e9-d785-4d27-acee-260205a08dd7_2','/images/Leite_matinal_pingo.jpg',1.00),(216,1,'Leite Magro %|%Mimosa',0.87,0.87,'/un','Lacticínios','Leites','https://mercadao.pt/store/pingo-doce/search?queries=leite%20mimosa%20magro','/images/Leite_mimosa_pingo.jpg',1.00),(217,2,'Leite Magro %|%Mimosa',0.87,0.87,'/un','Lacticínios','Leites','https://www.continente.pt/stores/continente/pt-pt/public/Pages/ProductDetail.aspx?ProductId=3579611(eCsf_RetekProductCatalog_MegastoreContinenteOnline_Continente)','/images/Leite_mimosa_pingo.jpg',1.00),(218,3,'Leite Magro %|%Mimosa',0.84,0.84,'/un','Lacticínios','Leites','https://www.jumbo.pt/Frontoffice/produtos_lacteos/leites_soja_e_vegetais/uht/leite_uhtmimosamagro3x200_ml/2125759/Auchan_Amadora?sid=73d61601-709a-4bdf-bd0d-9d56ac8c3f28_2','/images/Leite_mimosa_pingo.jpg',1.00),(219,1,'Leite Meio Gordo',0.51,0.51,'/un','Lacticínios','Leites','https://mercadao.pt/store/pingo-doce/search?queries=leite%20meio%20gordo%20pingo%20doce','/images/leite_meio_gordo.jpg',1.00),(220,2,'Leite Meio Gordo',0.51,0.51,'/un','Lacticínios','Leites','https://www.continente.pt/stores/continente/pt-pt/public/Pages/ProductDetail.aspx?ProductId=4362208(eCsf_RetekProductCatalog_MegastoreContinenteOnline_Continente)','/images/leite_meio_gordo.jpg',1.00),(221,3,'Leite Meio Gordo',0.48,0.48,'/un','Lacticínios','Leites','https://www.jumbo.pt/Frontoffice/produtos_lacteos/leites_soja_e_vegetais/uht/leite_uhtauchan_essencialmeio_gordo1lt/2490779/Auchan_Amadora?sid=e7c92a22-6da2-40e7-9cbd-25be3a929160_9','/images/leite_meio_gordo.jpg',1.00),(222,1,'Leite Gordo %|%Vigor',0.79,0.79,'/un','Lacticínios','Leites','https://mercadao.pt/store/pingo-doce/search?queries=leite%20gordo%20vigor','/images/leite_gordo_vigor.jpg',1.00),(223,2,'Leite Gordo %|%Vigor',0.79,0.79,'/un','Lacticínios','Leites','https://www.continente.pt/stores/continente/pt-pt/public/Pages/ProductDetail.aspx?ProductId=2210971(eCsf_RetekProductCatalog_MegastoreContinenteOnline_Continente)','/images/leite_gordo_vigor.jpg',1.00),(224,3,'Leite Gordo %|%Vigor',0.69,0.69,'/un','Lacticínios','Leites','https://www.jumbo.pt/Frontoffice/search/leite%20gordo','/images/leite_gordo_vigor.jpg',1.00),(225,1,'Iogurte Stracciatella %|%Oikos',1.95,1.95,'/un','Lacticínios','Iogurtes','https://mercadao.pt/store/pingo-doce/category/lacticinios-15/iogurtes-solidos-1513','/images/Iogurte_oikos_pingo.jpg',1.00),(226,2,'Iogurte Stracciatella %|%Oikos',1.95,1.95,'/un','Lacticínios','Iogurtes','https://www.continente.pt/stores/continente/pt-pt/public/Pages/ProductDetail.aspx?ProductId=5505957(eCsf_RetekProductCatalog_MegastoreContinenteOnline_Continente)','/images/Iogurte_oikos_pingo.jpg',1.00),(227,3,'Iogurte Stracciatella %|%Oikos',1.89,1.89,'/un','Lacticínios','Iogurtes','https://www.jumbo.pt/Frontoffice/produtos_lacteos/iogurtes/cremosos/iogurte_gregooikosstracciatella4x115g/2116018/Auchan_Amadora?sid=42b76cf8-ea48-47a3-a527-6b19e4584ae3_14','/images/Iogurte_oikos_pingo.jpg',1.00),(228,1,'Iogurte Mix-in Chocapic %|%Nestle',1.59,1.59,'/un','Lacticínios','Iogurtes','https://mercadao.pt/store/pingo-doce/category/lacticinios-15/iogurtes-solidos-1513','/images/Iogurte_nestle_pingo.jpg',1.00),(229,2,'Iogurte Mix-in Chocapic %|%Nestle',1.59,1.59,'/un','Lacticínios','Iogurtes','https://www.continente.pt/stores/continente/pt-pt/public/Pages/ProductDetail.aspx?ProductId=4632751(eCsf_RetekProductCatalog_MegastoreContinenteOnline_Continente)','/images/Iogurte_nestle_pingo.jpg',1.00),(230,3,'Iogurte Mix-in Chocapic %|%Nestle',1.48,1.48,'/un','Lacticínios','Iogurtes','https://www.jumbo.pt/Frontoffice/produtos_lacteos/iogurtes/infantis_e_crianca/iogurtenestlemix-in_chocapic2x118g/1026322/Auchan_Amadora?sid=e0f5270e-dee7-4851-a654-31cd816aa932_0','/images/Iogurte_nestle_pingo.jpg',1.00),(231,1,'Iogurte Liquido Kiwi %|%Activia',1.99,1.99,'/un','Lacticínios','Iogurtes','https://mercadao.pt/store/pingo-doce/search?queries=Activia%20kiwi','/images/Iogurte_activia_pingo.jpg',1.00),(232,2,'Iogurte Liquido Kiwi %|%Activia',2.02,2.02,'/un','Lacticínios','Iogurtes','https://www.continente.pt/stores/continente/pt-pt/public/Pages/ProductDetail.aspx?ProductId=6869012(eCsf_RetekProductCatalog_MegastoreContinenteOnline_Continente)','/images/Iogurte_activia_pingo.jpg',1.00),(233,3,'Iogurte Liquido Kiwi %|%Activia',1.89,1.89,'/un','Lacticínios','Iogurtes','https://www.jumbo.pt/Frontoffice/produtos_lacteos/iogurtes/defesa_activa_coracao_e_ossos_saudaveis/iogurte_activiadanoneliquido_slactose_kiwi4x155_g/2972705/Auchan_Amadora?sid=c737f234-c66c-4278-b53e-aa1ac08a07af_0','/images/Iogurte_activia_pingo.jpg',1.00),(234,1,'Manteiga com Sal %|%Mimosa',1.55,1.55,'/un','Lacticínios','Manteigas e Cremes Vegetais','https://mercadao.pt/store/pingo-doce/category/lacticinios-15/manteigas-e-cremes-vegetais-1516','/images/Manteigacsal_mimosa_pingo.jpg',1.00),(235,2,'Manteiga com Sal %|%Mimosa',1.55,1.55,'/un','Lacticínios','Manteigas e Cremes Vegetais','https://www.continente.pt/stores/continente/pt-pt/public/Pages/ProductDetail.aspx?ProductId=2346267(eCsf_RetekProductCatalog_MegastoreContinenteOnline_Continente)','/images/Manteigacsal_mimosa_pingo.jpg',1.00),(236,3,'Manteiga com Sal %|%Mimosa',1.55,1.55,'/un','Lacticínios','Manteigas e Cremes Vegetais','https://www.jumbo.pt/Frontoffice/produtos_lacteos/manteigas_e_cremes/manteiga/manteiga_csalmimosadoses20x10_g/264816/Auchan_Amadora?sid=13cced95-24f1-4993-af81-cca35d09ec87_0','/images/Manteigacsal_mimosa_pingo.jpg',1.00),(237,1,'Creme Vegetal %|%Planta',5.35,5.35,'/un','Lacticínios','Manteigas e Cremes Vegetais','https://mercadao.pt/store/pingo-doce/category/lacticinios-15/manteigas-e-cremes-vegetais-1516','/images/Cremevegetal_planta_pingo.jpg',1.00),(238,2,'Creme Vegetal %|%Planta',5.35,5.35,'/un','Lacticínios','Manteigas e Cremes Vegetais','https://www.continente.pt/stores/continente/pt-pt/public/Pages/ProductDetail.aspx?ProductId=2211114(eCsf_RetekProductCatalog_MegastoreContinenteOnline_Continente)','/images/Cremevegetal_planta_pingo.jpg',1.00),(239,3,'Creme Vegetal %|%Planta',5.09,5.09,'/un','Lacticínios','Manteigas e Cremes Vegetais','https://www.jumbo.pt/Frontoffice/produtos_lacteos/manteigas_e_cremes/cremes_para_barrar/creme_vegetalplantapbarrar_original1_kg/2830/Auchan_Amadora?sid=4f3b3f6c-fc93-4f16-afdf-fb4b282eb731_0','/images/Cremevegetal_planta_pingo.jpg',1.00),(240,1,'Manteiga com Sal %|%NovaAçores',1.69,1.69,'/un','Lacticínios','Manteigas e Cremes Vegetais','https://mercadao.pt/store/pingo-doce/category/lacticinios-15/manteigas-e-cremes-vegetais-1516','/images/Manteiga_novaacores_pingo.jpg',1.00),(241,2,'Manteiga com Sal %|%NovaAçores',1.69,1.69,'/un','Lacticínios','Manteigas e Cremes Vegetais','https://www.continente.pt/stores/continente/pt-pt/public/Pages/ProductDetail.aspx?ProductId=4871492(eCsf_RetekProductCatalog_MegastoreContinenteOnline_Continente)','/images/Manteiga_novaacores_pingo.jpg',1.00),(242,3,'Manteiga com Sal %|%NovaAçores',1.59,1.59,'/un','Lacticínios','Manteigas e Cremes Vegetais','https://www.jumbo.pt/Frontoffice/produtos_lacteos/manteigas_e_cremes/manteiga/manteiganova_acorescom_sal_couvete250_g/1068739/Auchan_Amadora?sid=56109440-2366-4c22-bcc8-6e44462da9fa_0','/images/Manteiga_novaacores_pingo.jpg',1.00),(243,1,'Gelatina Morango %|%Royal',1.69,1.69,'/un','Lacticínios','Sobremesas','https://mercadao.pt/store/pingo-doce/category/lacticinios-15/sobremesas-1519','/images/Gelatina_royal_pingo.jpg',1.00),(244,2,'Gelatina Morango %|%Royal',1.69,1.69,'/un','Lacticínios','Sobremesas','https://www.continente.pt/stores/continente/pt-pt/public/Pages/ProductDetail.aspx?ProductId=3064806(eCsf_RetekProductCatalog_MegastoreContinenteOnline_Continente)','/images/Gelatina_royal_pingo.jpg',1.00),(245,3,'Gelatina Morango %|%Royal',1.62,1.62,'/un','Lacticínios','Sobremesas','https://www.continente.pt/stores/continente/pt-pt/public/Pages/ProductDetail.aspx?ProductId=3064806(eCsf_RetekProductCatalog_MegastoreContinenteOnline_Continente)','/images/Gelatina_royal_pingo.jpg',1.00),(246,1,'Essencial Kids %|%Compal',2.09,2.09,'/un','Lacticínios','Sobremesas','https://mercadao.pt/store/pingo-doce/category/lacticinios-15/sobremesas-1519','/images/Sobremesa_compal_pingo.jpg',1.00),(247,2,'Essencial Kids %|%Compal',1.67,1.67,'/un','Lacticínios','Sobremesas','https://www.continente.pt/stores/continente/pt-pt/public/Pages/ProductDetail.aspx?ProductId=5096631(eCsf_RetekProductCatalog_MegastoreContinenteOnline_Continente)','/images/Sobremesa_compal_pingo.jpg',1.00),(248,3,'Essencial Kids %|%Compal',1.69,1.69,'/un','Lacticínios','Sobremesas','https://www.jumbo.pt/Frontoffice/produtos_lacteos/sobremesas_sumos_e_polpas_de_fruta/sumos_e_polpas_fruta/frutacompalessencial_kids3x110_ml/1150473/Auchan_Amadora?sid=caa4b629-1c9c-423f-a544-296777023bcb_0','/images/Sobremesa_compal_pingo.jpg',1.00),(249,1,'Sobremesa Chocolate %|%Danette',2.69,2.69,'/un','Lacticínios','Sobremesas','https://mercadao.pt/store/pingo-doce/category/lacticinios-15/sobremesas-1519','/images/Sobremesa_danette_pingo.jpg',1.00),(250,2,'Sobremesa Chocolate %|%Danette',2.69,2.69,'/un','Lacticínios','Sobremesas','https://www.continente.pt/stores/continente/pt-pt/public/Pages/ProductDetail.aspx?ProductId=6404048(eCsf_RetekProductCatalog_MegastoreContinenteOnline_Continente)','/images/Sobremesa_danette_pingo.jpg',1.00),(251,3,'Sobremesa Chocolate %|%Danette',2.59,2.59,'/un','Lacticínios','Sobremesas','https://www.jumbo.pt/Frontoffice/produtos_lacteos/sobremesas_sumos_e_polpas_de_fruta/sobremesas/sobremesa_lacteadanettechocolate4x125_g/2667253/Auchan_Amadora?sid=bceda751-84f5-4856-ad33-e0446a940bc6_2','/images/Sobremesa_danette_pingo.jpg',1.00),(252,1,'Frango do Campo c/ miúdos',2.99,2.99,'/kg','Carne e Peixe','Carne Fresca','https://mercadao.pt/store/pingo-doce/search?queries=frango%20do%20campo%20com%20miudos','/images/frango_do_Campo.jpg',1.00),(253,2,'Frango do Campo c/ miúdos',2.99,2.99,'/kg','Carne e Peixe','Carne Fresca','https://www.continente.pt/stores/continente/pt-pt/public/Pages/ProductDetail.aspx?ProductId=2223187(eCsf_RetekProductCatalog_MegastoreContinenteOnline_Continente)','/images/frango_do_Campo.jpg',1.00),(254,3,'Frango do Campo c/ miúdos',2.35,2.35,'/kg','Carne e Peixe','Carne Fresca','https://www.jumbo.pt/Frontoffice/produtos_frescos/talho/frango_galinha_e_peru/galinha_inteiraavigrilcmiudoskg/769889/Auchan_Amadora','/images/frango_do_Campo.jpg',1.00),(255,1,'Tiras de Entrecosto de Porco',5.89,5.89,'/kg','Carne e Peixe','Carne Fresca','https://mercadao.pt/store/pingo-doce/search?queries=tiras%20de%20entrecosto%20de%20porco','/images/tiras_de_porco.jpg',1.00),(256,2,'Tiras de Entrecosto de Porco',5.99,5.99,'/kg','Carne e Peixe','Carne Fresca','https://www.continente.pt/stores/continente/pt-pt/public/Pages/ProductDetail.aspx?ProductId=4076150(eCsf_RetekProductCatalog_MegastoreContinenteOnline_Continente)&refiner=%23%2F%3Ft%3D1557767076717','/images/tiras_de_porco.jpg',1.00),(257,3,'Tiras de Entrecosto de Porco',5.99,5.99,'/kg','Carne e Peixe','Carne Fresca','https://www.jumbo.pt/Frontoffice/produtos_frescos/talho/porco_borrego_e_cabrito/porco_nacional_tiras_deentrecosto_pianos_kg/628305/Auchan_Amadora?sid=98766beb-34c5-41d9-b764-e34ca014642f_0','/images/tiras_de_porco.jpg',1.00),(258,1,'Vitela Pá e Acém',5.99,5.99,'/kg','Carne e Peixe','Carne Fresca','https://mercadao.pt/store/pingo-doce/search?queries=vitela%20pa%20acem','/images/vitela_pa.jpg',1.00),(259,2,'Vitela Pá e Acém',5.95,5.95,'/kg','Carne e Peixe','Carne Fresca','https://www.continente.pt/stores/continente/pt-pt/public/Pages/ProductDetail.aspx?ProductId=6124700(eCsf_RetekProductCatalog_MegastoreContinenteOnline_Continente)','/images/vitela_pa.jpg',1.00),(260,3,'Vitela Pá e Acém',6.49,6.49,'/kg','Carne e Peixe','Carne Fresca','https://www.jumbo.pt/Frontoffice/produtos_frescos/talho/novilho_e_vitela/vitela_estufarkg/433551/Auchan_Amadora?sid=55b7bae0-5765-4962-9e42-f18aaa43c609_0','/images/vitela_pa.jpg',1.00),(261,1,'Pato c/ miúdos',2.95,2.95,'/kg','Carne e Peixe','Carne Fresca','https://mercadao.pt/store/pingo-doce/search?queries=pato%20com%20miudos','/images/pato_com_miudos.jpg',1.00),(262,2,'Pato c/ miúdos',2.99,2.99,'/kg','Carne e Peixe','Carne Fresca','https://www.continente.pt/stores/continente/pt-pt/public/Pages/ProductDetail.aspx?ProductId=2163261(eCsf_RetekProductCatalog_MegastoreContinenteOnline_Continente)','/images/pato_com_miudos.jpg',1.00),(263,3,'Pato c/ miúdos',3.98,3.98,'/kg','Carne e Peixe','Carne Fresca','https://www.jumbo.pt/Frontoffice/produtos_frescos/talho/coelho_e_pato/pato_inteiroqt_da_marinhacmiudoscx-4/1014951/Auchan_Amadora?sid=c70ec700-8077-4f42-8810-2cbf5569b92e_0','/images/pato_com_miudos.jpg',1.00),(264,1,'Coelho inteiro',4.49,4.49,'/kg','Carne e Peixe','Carne Fresca','https://mercadao.pt/store/pingo-doce/search?queries=coelho%20inteiro','/images/coelho_inteiro.jpg',1.00),(265,2,'Coelho inteiro',6.89,6.89,'/kg','Carne e Peixe','Carne Fresca','https://www.continente.pt/stores/continente/pt-pt/public/Pages/ProductDetail.aspx?ProductId=4139752(eCsf_RetekProductCatalog_MegastoreContinenteOnline_Continente)','/images/coelho_inteiro.jpg',1.00),(266,3,'Coelho inteiro',5.95,5.95,'/kg','Carne e Peixe','Carne Fresca','https://www.jumbo.pt/Frontoffice/produtos_frescos/talho/coelho_e_pato/coelho_inteirovida_auchankg/690373/Auchan_Amadora?sid=9de62892-6b34-44af-b84d-1507d9e4eb84_2','/images/coelho_inteiro.jpg',1.00),(267,1,'Bifes de Frango embalados',5.76,5.76,'/un','Carne e Peixe','Carne Embalada','https://mercadao.pt/store/pingo-doce/search?queries=bife%20de%20frango','/images/bifes_frango_embalado.jpg',1.00),(268,2,'Bifes de Frango embalados',7.49,7.49,'/un','Carne e Peixe','Carne Embalada','https://www.continente.pt/stores/continente/pt-pt/public/Pages/ProductDetail.aspx?ProductId=2163098(eCsf_RetekProductCatalog_MegastoreContinenteOnline_Continente)','/images/bifes_frango_embalado.jpg',1.00),(269,3,'Bifes de Frango embalados',7.89,7.89,'/un','Carne e Peixe','Carne Embalada','https://www.jumbo.pt/Frontoffice/produtos_frescos/talho/frango_galinha_e_peru/bifeescalope_frangoaviprontokg/12231/Auchan_Amadora?sid=ee42bd84-cdc4-4cd7-8c10-1a40336c8f65_0','/images/bifes_frango_embalado.jpg',1.00),(270,1,'Espetadas de Peru embaladas',4.98,4.98,'/un','Carne e Peixe','Carne Embalada','https://mercadao.pt/store/pingo-doce/search?queries=espetadas%20de%20peru','/images/espetadas_peru_embalado.jpg',1.00),(271,2,'Espetadas de Peru embaladas',4.99,4.99,'/un','Carne e Peixe','Carne Embalada','https://www.continente.pt/stores/continente/pt-pt/public/Pages/ProductDetail.aspx?ProductId=6244478(eCsf_RetekProductCatalog_MegastoreContinenteOnline_Continente)','/images/espetadas_peru_embalado.jpg',1.00),(272,3,'Espetadas de Peru embaladas',4.89,4.89,'/un','Carne e Peixe','Carne Embalada','https://www.jumbo.pt/Frontoffice/produtos_frescos/talho/elaborado_e_especialidade/espetadas_peruaviprontoembfamiliarkg/317907/Auchan_Amadora?sid=02a90712-6a33-4df4-b426-f448a96aaf29_1','/images/espetadas_peru_embalado.jpg',1.00),(273,1,'Hambúrguer de Peru',2.49,2.49,'/un','Carne e Peixe','Carne Embalada','https://mercadao.pt/store/pingo-doce/search?queries=hamburguer%20de%20peru','/images/hamburger_peru_embalado.jpg',1.00),(274,2,'Hambúrguer de Peru',2.49,2.49,'/un','Carne e Peixe','Carne Embalada','https://www.continente.pt/stores/continente/pt-pt/public/Pages/ProductDetail.aspx?ProductId=2834247(eCsf_RetekProductCatalog_MegastoreContinenteOnline_Continente)','/images/hamburger_peru_embalado.jpg',1.00),(275,3,'Hambúrguer de Peru',2.49,2.49,'/un','Carne e Peixe','Carne Embalada','https://www.jumbo.pt/Frontoffice/congelados/carne/hamburgueres/hamburgersauchanperu_4_un320g/775288/Auchan_Amadora?sid=0db6826c-2b23-489f-85f0-861bffca8e3f_1','/images/hamburger_peru_embalado.jpg',1.00),(276,1,'Coxas de Frango embalado',4.88,4.88,'/un','Carne e Peixe','Carne Embalada','https://mercadao.pt/store/pingo-doce/search?queries=coxas%20de%20frango','/images/coxas_frango_embalado.jpg',1.00),(277,2,'Coxas de Frango embalado',4.99,4.99,'/un','Carne e Peixe','Carne Embalada','https://www.continente.pt/stores/continente/pt-pt/public/Pages/ProductDetail.aspx?ProductId=2163100(eCsf_RetekProductCatalog_MegastoreContinenteOnline_Continente)','/images/coxas_frango_embalado.jpg',1.00),(278,3,'Coxas de Frango embalado',4.95,4.95,'/un','Carne e Peixe','Carne Embalada','https://www.jumbo.pt/Frontoffice/produtos_frescos/talho/frango_galinha_e_peru/coxas_de_frangoauchankg/2696362/Auchan_Amadora?sid=034d867b-893e-448e-bcc7-c6b776590a79_2','/images/coxas_frango_embalado.jpg',1.00),(279,1,'Dourada Fresca',7.99,7.99,'/kg','Carne e Peixe','Peixe Fresco','https://mercadao.pt/store/pingo-doce/search?queries=dourada%20fresca','/images/peixe_dourada.jpg',1.00),(280,2,'Dourada Fresca',7.99,7.99,'/kg','Carne e Peixe','Peixe Fresco','https://www.continente.pt/stores/continente/pt-pt/public/Pages/ProductDetail.aspx?ProductId=4636366(eCsf_RetekProductCatalog_MegastoreContinenteOnline_Continente)','/images/peixe_dourada.jpg',1.00),(281,3,'Dourada Fresca',7.49,7.49,'/kg','Carne e Peixe','Peixe Fresco','https://www.jumbo.pt/Frontoffice/produtos_frescos/peixaria/peixe_fresco/dourada_mediafresca_inteirakg/785274/Auchan_Amadora?sid=188f4598-12ec-48fb-beab-0724e9fa8034_0','/images/peixe_dourada.jpg',1.00),(282,1,'Robalo Fresco Médio',4.99,4.99,'/kg','Carne e Peixe','Peixe Fresco','https://mercadao.pt/store/pingo-doce/search?queries=robalo%20fresco','/images/peixe_robalo.jpg',1.00),(283,2,'Robalo Fresco Médio',4.99,4.99,'/kg','Carne e Peixe','Peixe Fresco','https://www.continente.pt/stores/continente/pt-pt/public/Pages/ProductDetail.aspx?ProductId=2147671(eCsf_RetekProductCatalog_MegastoreContinenteOnline_Continente)','/images/peixe_robalo.jpg',1.00),(284,3,'Robalo Fresco Médio',5.45,5.45,'/kg','Carne e Peixe','Peixe Fresco','https://www.jumbo.pt/Frontoffice/produtos_frescos/peixaria/peixe_fresco/robalo_pequenofresco_inteirokg/765685/Auchan_Amadora?sid=00a0eff4-f270-4be8-912a-eb28c7cd15af_2','/images/peixe_robalo.jpg',1.00),(285,1,'Amêijoa Branca ',7.99,7.99,'/kg','Carne e Peixe','Peixe Fresco','https://mercadao.pt/store/pingo-doce/search?queries=ameijoa','/images/peixe_ameijoa.jpg',1.00),(286,2,'Amêijoa Branca ',6.99,6.99,'/kg','Carne e Peixe','Peixe Fresco','https://www.continente.pt/stores/continente/pt-pt/public/Pages/ProductDetail.aspx?ProductId=6900967(eCsf_RetekProductCatalog_MegastoreContinenteOnline_Continente)','/images/peixe_ameijoa.jpg',1.00),(287,3,'Amêijoa Branca ',7.99,7.99,'/kg','Carne e Peixe','Peixe Fresco','https://www.jumbo.pt/Frontoffice/produtos_frescos/peixaria/marisco_fresco/ameijoa_brancapequena_frescakg/56068/Auchan_Amadora?sid=b51211b8-7b3b-4ca2-9c86-ff9a0af20868_1','/images/peixe_ameijoa.jpg',1.00),(288,1,'Bacalhau Crescida %|%1ª Noruega',8.99,8.99,'/kg','Carne e Peixe','Peixe Fresco','https://mercadao.pt/store/pingo-doce/search?queries=bacalhau%20crescido%201%C2%AA','/images/peixe_bacalhau.jpg',1.00),(289,2,'Bacalhau Crescida %|%1ª Noruega',8.99,8.99,'/kg','Carne e Peixe','Peixe Fresco','https://www.continente.pt/stores/continente/pt-pt/public/Pages/ProductDetail.aspx?ProductId=2202524(eCsf_RetekProductCatalog_MegastoreContinenteOnline_Continente)','/images/peixe_bacalhau.jpg',1.00),(290,3,'Bacalhau Crescida %|%1ª Noruega',8.99,8.99,'/kg','Carne e Peixe','Peixe Fresco','https://www.jumbo.pt/Frontoffice/produtos_frescos/peixaria/bacalhau/bacalhau_crescidointeiro_salgado_secokg/100947/Auchan_Amadora?sid=0f1c25ef-38c7-4c12-a765-0a2100cc1937_0','/images/peixe_bacalhau.jpg',1.00),(291,1,'Postas de Salmão',9.99,9.99,'/kg','Carne e Peixe','Peixe Fresco','https://mercadao.pt/store/pingo-doce/search?queries=posta%20de%20salmao','/images/peixe_dourada.jpg',1.00),(292,2,'Postas de Salmão',9.99,9.99,'/kg','Carne e Peixe','Peixe Fresco','https://www.continente.pt/stores/continente/pt-pt/public/Pages/ProductDetail.aspx?ProductId=6878573(eCsf_RetekProductCatalog_MegastoreContinenteOnline_Continente)','/images/peixe_dourada.jpg',1.00),(293,3,'Postas de Salmão',9.99,9.99,'/kg','Carne e Peixe','Peixe Fresco','https://www.jumbo.pt/Frontoffice/produtos_frescos/peixaria/peixe_fresco/salmaofresco_posta_aphkg/997628/Auchan_Amadora?sid=f7c28074-451b-46c4-b349-6ad44da238fe_0','/images/peixe_dourada.jpg',1.00),(294,1,'Bolachas Filipinos de Chocolate de Leite %|%Artiach',1.69,1.69,'/un','Bolachas e Doces','Bolachas','https://mercadao.pt/store/pingo-doce/search?queries=filipinos','/images/bolachas_filipinos.jpg',1.00),(295,2,'Bolachas Filipinos de Chocolate de Leite %|%Artiach',1.69,1.69,'/un','Bolachas e Doces','Bolachas','https://www.continente.pt/stores/continente/pt-pt/public/Pages/ProductDetail.aspx?ProductId=2132808(eCsf_RetekProductCatalog_MegastoreContinenteOnline_Continente)','/images/bolachas_filipinos.jpg',1.00),(296,3,'Bolachas Filipinos de Chocolate de Leite %|%Artiach',1.62,1.62,'/un','Bolachas e Doces','Bolachas','https://www.jumbo.pt/Frontoffice/search/filipinos','/images/bolachas_filipinos.jpg',1.00),(297,1,'Bolachas Cookie Sensations %|%Milka',2.59,2.59,'/un','Bolachas e Doces','Bolachas','https://mercadao.pt/store/pingo-doce/search?queries=milka%20bolachas%20sensations','/images/bolachas_milka_sensations.jpg',1.00),(298,2,'Bolachas Cookie Sensations %|%Milka',2.59,2.59,'/un','Bolachas e Doces','Bolachas','https://www.continente.pt/stores/continente/pt-pt/public/Pages/ProductDetail.aspx?ProductId=5486495(eCsf_RetekProductCatalog_MegastoreContinenteOnline_Continente)','/images/bolachas_milka_sensations.jpg',1.00),(299,3,'Bolachas Cookie Sensations %|%Milka',2.49,2.49,'/un','Bolachas e Doces','Bolachas','https://www.jumbo.pt/Frontoffice/bebe_e_crianca/alimentacao/frutas_e_sobremesas/bolachamilkacookie_sensations182_g/2154992/Auchan_Amadora?sid=5c8d1e2c-ac93-4c8a-ad56-7f1d77a84f05_0','/images/bolachas_milka_sensations.jpg',1.00),(300,1,'Bolachas Finas Originais %|%Oreo',1.99,1.99,'/un','Bolachas e Doces','Bolachas','https://mercadao.pt/store/pingo-doce/search?queries=oreo%20finas','/images/bolachas_oreo_finas.jpg',1.00),(301,2,'Bolachas Finas Originais %|%Oreo',1.99,1.99,'/un','Bolachas e Doces','Bolachas','https://www.continente.pt/stores/continente/pt-pt/public/Pages/ProductDetail.aspx?ProductId=6032032(eCsf_RetekProductCatalog_MegastoreContinenteOnline_Continente)','/images/bolachas_oreo_finas.jpg',1.00),(302,3,'Bolachas Finas Originais %|%Oreo',1.99,1.99,'/un','Bolachas e Doces','Bolachas','https://www.jumbo.pt/Frontoffice/mercearia_doce/bolachas_e_bolos/bolachas_recheadas_e_waffers/bolachaoreofinas_original192_g/2347786/Auchan_Amadora?sid=85004078-458a-4a15-a249-3bf7800737cf_0','/images/bolachas_oreo_finas.jpg',1.00),(303,1,'Bolachas SoftBakes c/ Chocolate %|%Belvita',2.99,2.99,'/un','Bolachas e Doces','Bolachas','https://mercadao.pt/store/pingo-doce/search?queries=belvita%20softbakes','/images/bolachas_belvita_softbakes.jpg',1.00),(304,2,'Bolachas SoftBakes c/ Chocolate %|%Belvita',2.99,2.99,'/un','Bolachas e Doces','Bolachas','https://www.continente.pt/stores/continente/pt-pt/public/Pages/ProductDetail.aspx?ProductId=6473635(eCsf_RetekProductCatalog_MegastoreContinenteOnline_Continente)','/images/bolachas_belvita_softbakes.jpg',1.00),(305,3,'Bolachas SoftBakes c/ Chocolate %|%Belvita',2.89,2.89,'/un','Bolachas e Doces','Bolachas','https://www.jumbo.pt/Frontoffice/mercearia_doce/bolachas_e_bolos/bolachas_integrais_e_digestivas/bolacha_soft_bakesbelvitarecheadas_chocolate250_gr/2700065/Auchan_Amadora?sid=248264f9-7bb7-4b1e-9f4d-68002e510330_1','/images/bolachas_belvita_softbakes.jpg',1.00),(306,1,'Bolachas Maria',0.99,0.99,'/un','Bolachas e Doces','Bolachas','https://mercadao.pt/store/pingo-doce/search?queries=maria%20pingo%20doce','/images/bolachas_maria.jpg',1.00),(307,2,'Bolachas Maria',0.99,0.99,'/un','Bolachas e Doces','Bolachas','https://www.continente.pt/stores/continente/pt-pt/public/Pages/ProductDetail.aspx?ProductId=6715842(eCsf_RetekProductCatalog_MegastoreContinenteOnline_Continente)','/images/bolachas_maria.jpg',1.00),(308,3,'Bolachas Maria',0.99,0.99,'/un','Bolachas e Doces','Bolachas','https://www.jumbo.pt/Frontoffice/mercearia_doce/bolachas_e_bolos/bolacha_maria_manteiga_e_sortidos/bolacha_mariaauchan_essencialsoleo_palma4x200g/2202915/Auchan_Amadora?sid=670ef413-c087-4b3c-b57d-a5cbdab4403a_2','/images/bolachas_maria.jpg',1.00),(309,1,'Tablete de Chocolate %|%Crunch',1.99,1.99,'/un','Bolachas e Doces','Chocolates e Guloseimas','https://mercadao.pt/store/pingo-doce/search?queries=crunch','/images/chocolates_crunch.jpg',1.00),(310,2,'Tablete de Chocolate %|%Crunch',1.99,1.99,'/un','Bolachas e Doces','Chocolates e Guloseimas','https://www.continente.pt/stores/continente/pt-pt/public/Pages/ProductDetail.aspx?ProductId=2027778(eCsf_RetekProductCatalog_MegastoreContinenteOnline_Continente)','/images/chocolates_crunch.jpg',1.00),(311,3,'Tablete de Chocolate %|%Crunch',1.82,1.82,'/un','Bolachas e Doces','Chocolates e Guloseimas','https://www.jumbo.pt/Frontoffice/mercearia_doce/chocolates_e_achocolatados/tablete_chocolate_leite_branco_e_negro/chocolate_leitenestlecrunch_tablete100_g/1053456/Auchan_Amadora?sid=56c8cea4-b90c-4979-bd68-9e551a9fa9fe_12','/images/chocolates_crunch.jpg',1.00),(312,1,'Snack de Chocolate de Leite %|%Lion',0.99,0.99,'/un','Bolachas e Doces','Chocolates e Guloseimas','https://mercadao.pt/store/pingo-doce/search?queries=lion','/images/chocolates_lion.jpg',1.00),(313,2,'Snack de Chocolate de Leite %|%Lion',0.99,0.99,'/un','Bolachas e Doces','Chocolates e Guloseimas','https://www.continente.pt/stores/continente/pt-pt/public/Pages/ProductDetail.aspx?ProductId=4407577(eCsf_RetekProductCatalog_MegastoreContinenteOnline_Continente)','/images/chocolates_lion.jpg',1.00),(314,3,'Snack de Chocolate de Leite %|%Lion',0.85,0.85,'/un','Bolachas e Doces','Chocolates e Guloseimas','https://www.jumbo.pt/Frontoffice/mercearia_doce/chocolates_e_achocolatados/bombons_e_snacks/chocolate_snacklion42_g_/552877/Auchan_Amadora?sid=54a6cbca-b956-4647-a637-b4c90a4af067_6','/images/chocolates_lion.jpg',1.00),(315,1,'Drageias Peppermint %|%Smint',1.85,1.85,'/un','Bolachas e Doces','Chocolates e Guloseimas','https://mercadao.pt/store/pingo-doce/search?queries=smint%20peppermint','/images/chocolates_smint_azul.jpg',1.00),(316,2,'Drageias Peppermint %|%Smint',1.85,1.85,'/un','Bolachas e Doces','Chocolates e Guloseimas','https://www.continente.pt/stores/continente/pt-pt/public/Pages/ProductDetail.aspx?ProductId=4366043(eCsf_RetekProductCatalog_MegastoreContinenteOnline_Continente)','/images/chocolates_smint_azul.jpg',1.00),(317,3,'Drageias Peppermint %|%Smint',1.68,1.68,'/un','Bolachas e Doces','Chocolates e Guloseimas','https://www.jumbo.pt/Frontoffice/mercearia_doce/pastilhas_chupas_e_rebucados/gomas_algodao_doce_e_outros/dropssmintpeppermint35_g/1189678/Auchan_Amadora?sid=9ddbaf23-bf54-4c6b-8efd-11506937293d_1','/images/chocolates_smint_azul.jpg',1.00),(318,1,'Tablete de Chocolate Caramelo e Amendoins %|%Milka',3.99,3.99,'/un','Bolachas e Doces','Chocolates e Guloseimas','https://mercadao.pt/store/pingo-doce/search?queries=tablete%20milka%20caramelo','/images/chocolates_milka_caramelo.jpg',1.00),(319,2,'Tablete de Chocolate Caramelo e Amendoins %|%Milka',3.99,3.99,'/un','Bolachas e Doces','Chocolates e Guloseimas','https://www.continente.pt/stores/continente/pt-pt/public/Pages/ProductDetail.aspx?ProductId=5911513(eCsf_RetekProductCatalog_MegastoreContinenteOnline_Continente)','/images/chocolates_milka_caramelo.jpg',1.00),(320,3,'Tablete de Chocolate Caramelo e Amendoins %|%Milka',3.89,3.89,'/un','Bolachas e Doces','Chocolates e Guloseimas','https://www.jumbo.pt/Frontoffice/mercearia_doce/chocolates_e_achocolatados/tablete_chocolate_leite_branco_e_negro/chocolatemilkapeanut_caramel276g/2295843/Auchan_Amadora?sid=3c499f7e-1b56-41cf-8c04-af6656bdb313_1','/images/chocolates_milka_caramelo.jpg',1.00),(321,1,'Rebuçados s/ Açúcar Mentol e Eucalipto %|%Halls',0.79,0.79,'/un','Bolachas e Doces','Chocolates e Guloseimas','https://mercadao.pt/store/pingo-doce/search?queries=halls%20eucalipto','/images/chocolates_halls_eucalipto.jpg',1.00),(322,2,'Rebuçados s/ Açúcar Mentol e Eucalipto %|%Halls',0.79,0.79,'/un','Bolachas e Doces','Chocolates e Guloseimas','https://www.continente.pt/stores/continente/pt-pt/public/Pages/ProductDetail.aspx?ProductId=2260345(eCsf_RetekProductCatalog_MegastoreContinenteOnline_Continente)','/images/chocolates_halls_eucalipto.jpg',1.00),(323,3,'Rebuçados s/ Açúcar Mentol e Eucalipto %|%Halls',0.99,0.99,'/un','Bolachas e Doces','Chocolates e Guloseimas','https://www.jumbo.pt/Frontoffice/mercearia_doce/pastilhas_chupas_e_rebucados/pastilhas_rebucados_e_caramelos/dropshallseucalipto_sacucar32_g/743959/Auchan_Amadora?sid=d84bde95-31f3-4f0a-9e1b-72adace9dd76_15','/images/chocolates_halls_eucalipto.jpg',1.00),(324,1,'Bolo Snack Clássico c/ Chocolate %|%Bollycao',2.89,2.89,'/un','Bolachas e Doces','Bolos e Sobremesas','https://mercadao.pt/store/pingo-doce/search?queries=bollycao%20classico','/images/bolos_bollycao.jpg',1.00),(325,2,'Bolo Snack Clássico c/ Chocolate %|%Bollycao',2.89,2.89,'/un','Bolachas e Doces','Bolos e Sobremesas','https://www.continente.pt/stores/continente/pt-pt/public/Pages/ProductDetail.aspx?ProductId=2004744(eCsf_RetekProductCatalog_MegastoreContinenteOnline_Continente)','/images/bolos_bollycao.jpg',1.00),(326,3,'Bolo Snack Clássico c/ Chocolate %|%Bollycao',1.39,1.39,'/un','Bolachas e Doces','Bolos e Sobremesas','https://www.jumbo.pt/Frontoffice/mercearia_doce/bolachas_e_bolos/bolos_recheados/bolo_recheadobollycao4un_228g/1850/Auchan_Amadora?sid=2a4bb3f4-c576-4a32-b91f-dde2eaca7967_7','/images/bolos_bollycao.jpg',1.00),(330,1,'Bolo Brigadeiro',9.99,9.99,'/kg','Bolachas e Doces','Bolos e Sobremesas','https://mercadao.pt/store/pingo-doce/search?queries=brigadeiro','/images/bolos_brigadeiro.jpg',1.00),(331,2,'Bolo Brigadeiro',10.99,10.99,'/kg','Bolachas e Doces','Bolos e Sobremesas','https://www.continente.pt/stores/continente/pt-pt/public/Pages/ProductDetail.aspx?ProductId=5421337(eCsf_RetekProductCatalog_MegastoreContinenteOnline_Continente)','/images/bolos_brigadeiro.jpg',1.00),(332,3,'Bolo Brigadeiro',7.79,7.79,'/kg','Bolachas e Doces','Bolos e Sobremesas','https://www.jumbo.pt/Frontoffice/produtos_frescos/padaria_e_pastelaria/bolos_aniversario_e_outros/bolo_brigadeirokgfabrico_proprio/305243/Auchan_Amadora?sid=7cd11457-4908-4e21-98c2-195dd47b422c_0','/images/bolos_brigadeiro.jpg',1.00),(333,1,'Salame de Chocolate',2.79,2.79,'/un','Bolachas e Doces','Bolos e Sobremesas','https://mercadao.pt/store/pingo-doce/search?queries=salame%20de%20chocolate','/images/bolos_salame_chocolate.jpg',1.00),(334,2,'Salame de Chocolate',2.79,2.79,'/un','Bolachas e Doces','Bolos e Sobremesas','https://www.continente.pt/stores/continente/pt-pt/public/Pages/ProductDetail.aspx?ProductId=5131479(eCsf_RetekProductCatalog_MegastoreContinenteOnline_Continente)','/images/bolos_salame_chocolate.jpg',1.00),(335,3,'Salame de Chocolate',2.79,2.79,'/un','Bolachas e Doces','Bolos e Sobremesas','https://www.jumbo.pt/Frontoffice/produtos_frescos/padaria_e_pastelaria/bolos_embalados/salame_de_chocolateauchanfatias550_gr/429161/Auchan_Amadora?sid=d634c99c-8c1b-492b-b2d2-18dd7b79d8e3_1','/images/bolos_salame_chocolate.jpg',1.00),(336,1,'Bolo Snack Choco Brownie %|%Milka',2.49,2.49,'/un','Bolachas e Doces','Bolos e Sobremesas','https://mercadao.pt/store/pingo-doce/search?queries=choco%20brownie','/images/bolos_milka_brownie.jpg',1.00),(337,2,'Bolo Snack Choco Brownie %|%Milka',2.49,2.49,'/un','Bolachas e Doces','Bolos e Sobremesas','https://www.continente.pt/stores/continente/pt-pt/public/Pages/ProductDetail.aspx?ProductId=6064400(eCsf_RetekProductCatalog_MegastoreContinenteOnline_Continente)','/images/bolos_milka_brownie.jpg',1.00),(338,3,'Bolo Snack Choco Brownie %|%Milka',2.39,2.39,'/un','Bolachas e Doces','Bolos e Sobremesas','https://www.jumbo.pt/Frontoffice/mercearia_doce/chocolates_e_achocolatados/bombons_e_snacks/bolomilkachoco_brownie150_g/2436384/Auchan_Amadora?sid=2d06309c-04a3-4500-b175-02306e616dac_4','/images/bolos_milka_brownie.jpg',1.00),(339,1,'Creme de Chocolate e Avelã %|%Nutella',4.99,4.99,'/un','Bolachas e Doces','Compotas e Cremes','https://mercadao.pt/store/pingo-doce/search?queries=nutella','/images/compotas_nutella.jpg',1.00),(340,2,'Creme de Chocolate e Avelã %|%Nutella',4.99,4.99,'/un','Bolachas e Doces','Compotas e Cremes','https://www.continente.pt/stores/continente/pt-pt/public/Pages/ProductDetail.aspx?ProductId=5358428(eCsf_RetekProductCatalog_MegastoreContinenteOnline_Continente)','/images/compotas_nutella.jpg',1.00),(341,3,'Creme de Chocolate e Avelã %|%Nutella',4.79,4.79,'/un','Bolachas e Doces','Compotas e Cremes','https://www.jumbo.pt/Frontoffice/mercearia_doce/chocolates_e_achocolatados/chocolate_barrar_e_culinaria/creme_barrarnutella630_gr/2121725/Auchan_Amadora?sid=532ef812-c99d-41ce-b7d5-17235a6247df_1','/images/compotas_nutella.jpg',1.00),(342,1,'Manteiga de Amendoim %|%Skippy',4.19,4.19,'/un','Bolachas e Doces','Compotas e Cremes','https://mercadao.pt/store/pingo-doce/search?queries=skippy','/images/compotas_skippy.jpg',1.00),(343,2,'Manteiga de Amendoim %|%Skippy',4.19,4.19,'/un','Bolachas e Doces','Compotas e Cremes','https://www.continente.pt/stores/continente/pt-pt/public/Pages/searchResults.aspx?k=skippy','/images/compotas_skippy.jpg',1.00),(344,3,'Manteiga de Amendoim %|%Skippy',4.02,4.02,'/un','Bolachas e Doces','Compotas e Cremes','https://www.jumbo.pt/Frontoffice/search/skippy','/images/compotas_skippy.jpg',1.00),(345,1,'Doce de Morango %|%Casa de Mateus',2.49,2.49,'/un','Bolachas e Doces','Compotas e Cremes','https://mercadao.pt/store/pingo-doce/search?queries=doce%20de%20morango%20casa','/images/compotas_casa_mateus_morango.jpg',1.00),(346,2,'Doce de Morango %|%Casa de Mateus',2.49,2.49,'/un','Bolachas e Doces','Compotas e Cremes','https://www.continente.pt/stores/continente/pt-pt/public/Pages/ProductDetail.aspx?ProductId=2167560(eCsf_RetekProductCatalog_MegastoreContinenteOnline_Continente)','/images/compotas_casa_mateus_morango.jpg',1.00),(347,3,'Doce de Morango %|%Casa de Mateus',2.39,2.39,'/un','Bolachas e Doces','Compotas e Cremes','https://www.jumbo.pt/Frontoffice/mercearia_doce/cremes_compotas_e_mel/compotas/doce_de_morangocasa_de_mateus345_gr/493882/Auchan_Amadora?sid=52ad4162-60ab-402f-88b4-d2501d33c55f_3','/images/compotas_casa_mateus_morango.jpg',1.00),(348,1,'Creme de Chocolate %|%Tulicreme',1.99,1.99,'/un','Bolachas e Doces','Compotas e Cremes','https://mercadao.pt/store/pingo-doce/search?queries=tulicreme','/images/compotas_tulicreme.jpg',1.00),(349,2,'Creme de Chocolate %|%Tulicreme',1.99,1.99,'/un','Bolachas e Doces','Compotas e Cremes','https://www.continente.pt/stores/continente/pt-pt/public/Pages/ProductDetail.aspx?ProductId=2595132(eCsf_RetekProductCatalog_MegastoreContinenteOnline_Continente)','/images/compotas_tulicreme.jpg',1.00),(350,3,'Creme de Chocolate %|%Tulicreme',1.89,1.89,'/un','Bolachas e Doces','Compotas e Cremes','https://www.jumbo.pt/Frontoffice/produtos_lacteos/manteigas_e_cremes/cremes_para_barrar/cremetulicremepbarrar_chocolate200_g/468193/Auchan_Amadora?sid=172485c5-babd-42c9-a4e4-bdd5337e7535_0','/images/compotas_tulicreme.jpg',1.00),(351,1,'Marmelada %|%Ferbar',1.59,1.59,'/un','Bolachas e Doces','Compotas e Cremes','https://mercadao.pt/store/pingo-doce/search?queries=marmelada%20ferbar','/images/compotas_ferbar_marmelada.jpg',1.00),(352,2,'Marmelada %|%Ferbar',1.59,1.59,'/un','Bolachas e Doces','Compotas e Cremes','https://www.continente.pt/stores/continente/pt-pt/public/Pages/ProductDetail.aspx?ProductId=4546868(eCsf_RetekProductCatalog_MegastoreContinenteOnline_Continente)','/images/compotas_ferbar_marmelada.jpg',1.00),(353,3,'Marmelada %|%Ferbar',1.53,1.53,'/un','Bolachas e Doces','Compotas e Cremes','https://www.jumbo.pt/Frontoffice/mercearia_doce/cremes_compotas_e_mel/mel_marmelada_e_goiabada/marmeladaferbar400_g/998021/Auchan_Amadora?sid=506e0417-08c0-4108-9acd-3c53d7e742a2_10','/images/compotas_ferbar_marmelada.jpg',1.00),(354,1,'Queijo com Ervas %|%Philadelphia',1.89,1.89,'/un','Charcutaria e Queijos','Queijo','https://mercadao.pt/store/pingo-doce/category/lacticinios-15/queijo-1515','/images/Queijo_philadelphia_pingo.jpg',1.00),(355,2,'Queijo com Ervas %|%Philadelphia',1.89,1.89,'/un','Charcutaria e Queijos','Queijo','https://www.continente.pt/stores/continente/pt-pt/public/Pages/ProductDetail.aspx?ProductId=4446849(eCsf_RetekProductCatalog_MegastoreContinenteOnline_Continente)','/images/Queijo_philadelphia_pingo.jpg',1.00),(356,3,'Queijo com Ervas %|%Philadelphia',1.79,1.79,'/un','Charcutaria e Queijos','Queijo','https://www.jumbo.pt/Frontoffice/produtos_frescos/charcutaria_e_queijos/queijo_para_barrar/queijophiladelphiapbarrar_finaervas150_g/974898/Auchan_Amadora?sid=18f76736-86cc-495b-9806-7fa6f561255b_0','/images/Queijo_philadelphia_pingo.jpg',1.00),(357,1,'Queijo Amanteigado %|%Paiva',7.99,7.99,'/kg','Charcutaria e Queijos','Queijo','https://mercadao.pt/store/pingo-doce/category/lacticinios-15/queijo-1515','/images/Queijo_paiva_pingo.jpg',1.00),(358,2,'Queijo Amanteigado %|%Paiva',7.99,7.99,'/kg','Charcutaria e Queijos','Queijo','https://www.continente.pt/stores/continente/pt-pt/public/Pages/ProductDetail.aspx?ProductId=2117357(eCsf_RetekProductCatalog_MegastoreContinenteOnline_Continente)','/images/Queijo_paiva_pingo.jpg',1.00),(359,3,'Queijo Amanteigado %|%Paiva',7.99,7.99,'/kg','Charcutaria e Queijos','Queijo','https://www.jumbo.pt/Frontoffice/produtos_frescos/charcutaria_e_queijos/queijos_nacionais/queijo_amanteigadopaivakg/82752/Auchan_Amadora?sid=6222b14f-e5d2-4f2f-8be2-df35e3c23cf7_1','/images/Queijo_paiva_pingo.jpg',1.00),(360,1,'Queijo Mini %|%Babybel',1.99,1.99,'/un','Charcutaria e Queijos','Queijo','https://mercadao.pt/store/pingo-doce/category/lacticinios-15/queijo-1515','/images/Queijo_babybel_pingo.jpg',1.00),(361,2,'Queijo Mini %|%Babybel',1.99,1.99,'/un','Charcutaria e Queijos','Queijo','https://www.continente.pt/stores/continente/pt-pt/public/Pages/ProductDetail.aspx?ProductId=2163597(eCsf_RetekProductCatalog_MegastoreContinenteOnline_Continente)','/images/Queijo_babybel_pingo.jpg',1.00),(362,3,'Queijo Mini %|%Babybel',1.90,1.90,'/un','Charcutaria e Queijos','Queijo','https://www.jumbo.pt/Frontoffice/produtos_frescos/charcutaria_e_queijos/queijo_para_criancas/queijo_minibabybel6_un_120_g/764940/Auchan_Amadora?sid=cf0179ed-882e-4e98-8d45-57957736baef_3','/images/Queijo_babybel_pingo.jpg',1.00),(363,1,'Peito de Peru Fatias Finas %|%Campofrio',2.09,2.09,'/un','Charcutaria e Queijos','Fiambre','https://mercadao.pt/store/pingo-doce/category/charcutaria-16/fiambre-1611','/images/Fiambre_forno_pingo.jpg',1.00),(364,2,'Peito de Peru Fatias Finas %|%Campofrio',2.09,2.09,'/un','Charcutaria e Queijos','Fiambre','https://www.continente.pt/stores/continente/pt-pt/public/Pages/ProductDetail.aspx?ProductId=5031062(eCsf_RetekProductCatalog_MegastoreContinenteOnline_Continente)','/images/Fiambre_forno_pingo.jpg',1.00),(365,3,'Peito de Peru Fatias Finas %|%Campofrio',1.99,1.99,'/un','Charcutaria e Queijos','Fiambre','https://www.jumbo.pt/Frontoffice/produtos_frescos/charcutaria_e_queijos/fiambre_aves/peito_perucampofrioforno_lenha_fatias_finas120_g/1136882/Auchan_Amadora?sid=496a9c96-19be-4f90-9c9d-048784888628_1','/images/Fiambre_forno_pingo.jpg',1.00),(366,1,'Fiambre Perna Extra Cuida-te+ %|%Nobre',2.09,2.09,'/un','Charcutaria e Queijos','Fiambre','https://mercadao.pt/store/pingo-doce/category/charcutaria-16/fiambre-1611','/images/Fiambre_nobre_pingo.jpg',1.00),(367,2,'Fiambre Perna Extra Cuida-te+ %|%Nobre',2.09,2.09,'/un','Charcutaria e Queijos','Fiambre','https://www.continente.pt/stores/continente/pt-pt/public/Pages/ProductDetail.aspx?ProductId=5508705(eCsf_RetekProductCatalog_MegastoreContinenteOnline_Continente)','/images/Fiambre_nobre_pingo.jpg',1.00),(368,3,'Fiambre Perna Extra Cuida-te+ %|%Nobre',1.99,1.99,'/un','Charcutaria e Queijos','Fiambre','https://www.jumbo.pt/Frontoffice/produtos_frescos/charcutaria_e_queijos/fiambre_aves/fiambre_perunobrefatias_finas_cuida-te110_g/2112538/Auchan_Amadora?sid=0d4c12ad-580d-4211-babb-0fb1df8669b7_2','/images/Fiambre_nobre_pingo.jpg',1.00),(369,1,'Peito de Peru %|%Campofrio',11.95,11.95,'/kg','Charcutaria e Queijos','Fiambre','https://mercadao.pt/store/pingo-doce/category/charcutaria-16/fiambre-1611','/images/Peitoperu_campofrio_pingo.jpg',1.00),(370,2,'Peito de Peru %|%Campofrio',11.95,11.95,'/kg','Charcutaria e Queijos','Fiambre','https://www.continente.pt/stores/continente/pt-pt/public/Pages/ProductDetail.aspx?ProductId=3639558(eCsf_RetekProductCatalog_MegastoreContinenteOnline_Continente)','/images/Peitoperu_campofrio_pingo.jpg',1.00),(371,3,'Peito de Peru %|%Campofrio',9.48,9.48,'/kg','Charcutaria e Queijos','Fiambre','https://www.jumbo.pt/Frontoffice/produtos_frescos/charcutaria_e_queijos/fiambre_aves/peito_de_perucampofriokg/501336/Auchan_Amadora?sid=11802b8e-29a3-4b04-be2f-a603a5884dd8_11','/images/Peitoperu_campofrio_pingo.jpg',1.00),(372,1,'Presunto Fatiado %|%Damatta',2.99,2.99,'/un','Charcutaria e Queijos','Carnes Fumadas','https://mercadao.pt/store/pingo-doce/category/charcutaria-16/presunto-1612','/images/Presunto_damatta_pingo.jpg',1.00),(373,3,'Presunto Fatiado %|%Damatta',2.89,2.89,'/un','Charcutaria e Queijos','Carnes Fumadas','https://www.jumbo.pt/Frontoffice/produtos_frescos/charcutaria_e_queijos/presunto/presuntodamattafatias120_g/2172359/Auchan_Amadora?sid=e8d2a98b-eee6-4de0-ad74-aa843451df57_3','/images/Presunto_damatta_pingo.jpg',1.00),(374,1,'Presunto Fatiado %|%SALSICHAR. GARDUNHA',1.99,1.99,'/un','Charcutaria e Queijos','Carnes Fumadas','https://mercadao.pt/store/pingo-doce/category/charcutaria-16/presunto-1612','/images/Presunto_fundao_pingo.jpg',1.00),(375,3,'Presunto Fatiado %|%SALSICHAR. GARDUNHA',1.59,1.59,'/un','Charcutaria e Queijos','Carnes Fumadas','https://www.jumbo.pt/Frontoffice/produtos_frescos/charcutaria_e_queijos/presunto/presuntosalsichar_gardunhafundao_fatiado150_g/824226/Auchan_Amadora?sid=8b31d848-274e-4573-ae97-ef70bb72f5bf_0','/images/Presunto_fundao_pingo.jpg',1.00),(376,1,'Presunto Metades %|%Damatta',16.99,16.99,'/un','Charcutaria e Queijos','Carnes Fumadas','https://mercadao.pt/store/pingo-doce/category/charcutaria-16/presunto-1612','/images/Presunto_metades_pingo.jpg',1.00),(377,3,'Presunto Metades %|%Damatta',16.99,16.99,'/un','Charcutaria e Queijos','Carnes Fumadas','https://www.jumbo.pt/Frontoffice/produtos_frescos/charcutaria_e_queijos/presunto/presuntodamattametades_7_meseskg/2208357/Auchan_Amadora?sid=c483d539-60dc-426a-aab4-067598f769e9_4','/images/Presunto_metades_pingo.jpg',1.00),(378,1,'Farinheira Fundão',1.69,1.69,'/un','Charcutaria e Queijos','Enchidos','https://mercadao.pt/store/pingo-doce/category/charcutaria-16/alheira-e-farinheira-1615','/images/Farinheira_fundao_pingo.jpg',1.00),(379,2,'Farinheira Fundão',1.50,1.50,'/un','Charcutaria e Queijos','Enchidos','https://www.continente.pt/stores/continente/pt-pt/public/Pages/ProductDetail.aspx?ProductId=5165527(eCsf_RetekProductCatalog_MegastoreContinenteOnline_Continente)','/images/Farinheira_fundao_pingo.jpg',1.00),(380,3,'Farinheira Fundão %|%SALSICHAR. GARDUNHA',1.39,1.39,'/un','Charcutaria e Queijos','Enchidos','https://www.jumbo.pt/Frontoffice/produtos_frescos/charcutaria_e_queijos/alheira_farinheira_e_morcela/farinheirasalsichar_gardunhafundao220_g/2242064/Auchan_Amadora?sid=ae93b899-cafc-48fd-8c41-f848ea26af5e_12','/images/Farinheira_fundao_pingo.jpg',1.00),(381,1,'Alheira de Peru %|%Prisca',2.19,2.19,'/un','Charcutaria e Queijos','Enchidos','https://mercadao.pt/store/pingo-doce/category/charcutaria-16/alheira-e-farinheira-1615','/images/Alheira_prisca_pingo.jpg',1.00),(382,2,'Alheira de Peru %|%Prisca',2.19,2.19,'/un','Charcutaria e Queijos','Enchidos','https://www.continente.pt/stores/continente/pt-pt/public/Pages/ProductDetail.aspx?ProductId=5157568(eCsf_RetekProductCatalog_MegastoreContinenteOnline_Continente)','/images/Alheira_prisca_pingo.jpg',1.00),(383,3,'Alheira de Peru %|%Prisca',2.19,2.19,'/un','Charcutaria e Queijos','Enchidos','https://www.jumbo.pt/Frontoffice/produtos_frescos/charcutaria_e_queijos/alheira_farinheira_e_morcela/alheira_peruprisca180_g/2707903/Auchan_Amadora?sid=af9da167-aa29-46d9-92b5-1516193a32af_1','/images/Alheira_prisca_pingo.jpg',1.00),(384,1,'Alheira de Mirandela %|%Eurofumeiro',1.69,1.69,'/un','Charcutaria e Queijos','Enchidos','https://mercadao.pt/store/pingo-doce/category/charcutaria-16/alheira-e-farinheira-1615','/images/Alheira_eurofumeiro_pingo.jpg',1.00),(385,2,'Alheira de Mirandela %|%Eurofumeiro',1.79,1.79,'/un','Charcutaria e Queijos','Enchidos','https://www.continente.pt/stores/continente/pt-pt/public/Pages/ProductDetail.aspx?ProductId=6308080(eCsf_RetekProductCatalog_MegastoreContinenteOnline_Continente)','/images/Alheira_eurofumeiro_pingo.jpg',1.00),(386,3,'Alheira de Mirandela %|%Eurofumeiro',1.49,1.49,'/un','Charcutaria e Queijos','Enchidos','https://www.jumbo.pt/Frontoffice/produtos_frescos/charcutaria_e_queijos/alheira_farinheira_e_morcela/alheiraeurofumeirode_mirandela_igp200_g/2100836/Auchan_Amadora?sid=0d90e0c9-c1c0-4541-bd83-24f8b15cd399_1','/images/Alheira_eurofumeiro_pingo.jpg',1.00);
/*!40000 ALTER TABLE `products` ENABLE KEYS */;
UNLOCK TABLES;

--
-- Table structure for table `stores`
--

DROP TABLE IF EXISTS `stores`;
/*!40101 SET @saved_cs_client     = @@character_set_client */;
/*!40101 SET character_set_client = utf8 */;
CREATE TABLE `stores` (
  `uniqueID` int(11) NOT NULL AUTO_INCREMENT,
  `storeName` varchar(32) NOT NULL,
  PRIMARY KEY (`uniqueID`)
) ENGINE=InnoDB AUTO_INCREMENT=5 DEFAULT CHARSET=utf8;
/*!40101 SET character_set_client = @saved_cs_client */;

--
-- Dumping data for table `stores`
--

LOCK TABLES `stores` WRITE;
/*!40000 ALTER TABLE `stores` DISABLE KEYS */;
INSERT INTO `stores` VALUES (1,'Pingo Doce'),(2,'Continente'),(3,'Jumbo'),(4,'Minipreço');
/*!40000 ALTER TABLE `stores` ENABLE KEYS */;
UNLOCK TABLES;

--
-- Table structure for table `tokensTable`
--

DROP TABLE IF EXISTS `tokensTable`;
/*!40101 SET @saved_cs_client     = @@character_set_client */;
/*!40101 SET character_set_client = utf8 */;
CREATE TABLE `tokensTable` (
  `uniqueId` int(11) NOT NULL AUTO_INCREMENT,
  `userId` int(11) DEFAULT NULL,
  `token` varchar(256) DEFAULT NULL,
  `unixTime` int(32) DEFAULT NULL,
  PRIMARY KEY (`uniqueId`),
  KEY `userId` (`userId`)
) ENGINE=InnoDB AUTO_INCREMENT=191 DEFAULT CHARSET=utf8;
/*!40101 SET character_set_client = @saved_cs_client */;

--
-- Dumping data for table `tokensTable`
--

LOCK TABLES `tokensTable` WRITE;
/*!40000 ALTER TABLE `tokensTable` DISABLE KEYS */;
INSERT INTO `tokensTable` VALUES (1,5,'7ea225c47c2cf41c2dbacafc2f21bc2c9cda77430e92c234363ff285b857c3b8850fe4fca7cfead654f1e23581e2b08d198ffb8cc4a63c54b9e2fd93946e97c3',1559040840),(2,5,'aea0dfb521611d0a78523e22faf38baed5db4feed515e72daf5f59182e641266b548d2a59d817078f6a50f8bea601487155c2905384513d49dc308706de193e8',1559040887),(3,5,'c8217f2bc27d0809e1e07dd62ece64f06db930608ac0837236c1be7c2ee3413fb9cc89421e78d55842470e5eff5edc098347f5c8b0398b4399c4af8976f7ed52',1560703096),(4,5,'5fd44c10c02360dfa51b351e741bf739a0ce99ae1e6374b92db65dce8dba32202fe80c80126158b8c033fa3726ce7f0d601e018ed87b12e729f45a606efbd4ea',1560784960),(5,5,'30ebe65a5d43459b6f06acc6dea94eb8eaa7512a4314e40d8cb0d269c8d3d061193a763195deb81e30c0c880808dfa40cfa2753fc6ba5dda78823e6dff61bcf4',1560785018),(6,5,'b4276d9a12f47c437097fa6bb24c832e2a6c2f3c1bdcebc72970a65c9427824d09303bb987677b2e88e670bd598f469e115314e70554648ba5fff5d1500b8afa',1560785084),(7,5,'106ea168191d54195a1fbf735b9ae0cf9d8439f0aae518ca689a8a8c6a6a48f58dc1bbf0837bdbd7630fa6b06fa486da5c9762b42797ff210fc11b9c7171e988',1560785155),(8,5,'b09ce763bd7728273e735c39dbcff1950dac61e4c9de0772b7c9418b1959d9108d03cab9e75d7cd65ec330a7ebf2b2d6ba30bbe70b8563315bcce712737b498f',1560864861),(9,5,'0fe6958ecb2b2613bfc7981b9ec096dcf99f4d50920d1e642c95ffb2e5b8f32c1abb2fac546d54d2dfd3fc932df00512069e84a40a56af219f5cc1255ce6e988',1560870373),(10,5,'267f362142306bd1f3ee87e6bf4b11152587fa102b3c556ceb2820089f316405a0cb2316f707d73f84199f96467b74d801caf0f960d1f4444ea7c852fda8868e',1561137674),(11,5,'e416ee7b012c51f9875e5b9244c736b5bd3fcef25010d21a045354339b3c87f0fbe41084085b3939ed1aeda3eeb358b294f49fe5f5a9a14068fd9ca23cbaab05',1561142670),(12,5,'35c16d78c498f8d47cda0324a43351f08bca442aa355a962dbb60bb9d1a3a8e9f469d70bdb8e567641b7334bd0a94992c09f937e0f6f430b001329bcb9ccd566',1561214130),(13,5,'19a24e8d75d379397bdad7a568253ec6637c88e394f15d78d768e78f6a3d13b51ce8eab9e41f4c508230c933fe35156efd51529510914d539ddf750f11cd4812',1561301739),(14,5,'9498f95cba5796beb2ab6fa1f29a4a3bcda6c4a99c86626afc491439dfd80f08432aa1bf72a2543bb8655fc128ac789f616bf45759098e7f35b7fca706ab0a7e',1561304163),(15,5,'b0fa43eebeb47fff87fc96e4ba67972c7d7ee3938f948a21a619411b0bbe8ede25bf9a1ce0aa853480207427513f079338be84b843d886e8ce3759173b13fd2f',1561322353),(16,5,'43a8779648f5be5b0a8f8964c6eb0b40f9b788a1cc74d70a79b491de6eee3ed34b796b8bcf6ee1da9cf1b968e894f34f2ffeb7d579acabf371271ece365cd4ef',1561322353),(17,5,'9dec751245faac4adad09278794961401cbfde5b2904f46690668bbbb9497cf20a4c5e9d71984bcd577b664239ae94d5b2f51c77125f724ed13e6d604c2681cb',1561373437),(18,5,'8be6a0768adf15d6015b919f2c60b986078eba4bdc2067a43a595e47b9e9685f26b5c9d7da1a98703fe68d3e179ad8253c61101bce66141caa1e06998f4dc521',1561384178),(19,5,'f203878e67327aad24a7423772099bbd2392f0bfba24de2bc1bd1d4ccaa6a47f89056831141f83113b7d1baec7344a269ba744aab2661b404f497d59f74a5927',1561399961),(20,5,'8c004939bbd91afbd01bd849e796885c69b92ee143c2647d0ea03e58d0c6024bf82d67622b78ce2cb59f67b9de1e52454fa0b4a999694a9072ed66b5586cc80a',1561475236),(21,5,'8f59a0edb561a26010636291d79fb9caee95e3f79285f4af7ca7314eac77de8a95809a032675e92ae9582d21fe8be28542746557b6972951451e44cc4e3c572a',1561476870),(22,5,'c663f659f57af72182d5e960dbc458c18cd23d66ca159065d221512fd52b5c92ccd1be405b9d16878bfdcb3dccfd20dc596be0bed119e0476ddbf79e9a74e9f1',1561482830),(23,5,'89554b0876160ad86ee1108985613923db6b777d31a8b13d8263b307b4a4f288d16b13e94d82622747d441949f00d924d2d9acda78e65cff9a72699047b8f987',1561482862),(24,5,'3bfa8051ba99d324cdf349ac7dbc75e2995dcb378c19de031466d05478501c2dfbd1a2361233b067a256209df5e9612baffa5ba31ac87cc3f1caea0c3f871a7e',1561483202),(25,5,'1a6d316499e3e50df897a147aaa9c06288434412a218e329a84e9b401d047e86fdf99911b0952b2086772b9ec6e3dd742e281b49a30b8f25bd79e2b307dbb230',1561483589),(26,5,'d665ee94f2bcc6c7e7c800de677ed90d404eec48466052f08b198f049692a2345a177086a0181887dc3ab781491a0956d2387726f6c089b6eb6a21e6e27f6909',1561499176),(27,5,'fdacf6c8e7df54c84dc3cd21c8da4288f22b746a6ecf9046664a12f28cba5a787495ee2f05e8a09886b08cc31dc3f44682bc889e582a47a38ce57d0f0074b38e',1561507845),(28,1,'628bbb243542b62df17a7476cdb7a83156342b4228b64145a97c6dc8615c4b5b671e490dc4a62d5d5cff8a80d6771a79b7f43402346997d3e7987e4176571935',1561556805),(29,5,'d6e306b2a012e2f5bbb170e1b87000cf9779538d6401587baab5406990f96146856df48345d241e12eb2149c449e40bebacccf4372d093c74384a67c7a392dfc',1561557309),(30,4,'a0ea8748fd4f6806d9c5b8ce4ba477a33909aec9b48a4b361839099916995653e20806bf0f651f188dc06fa7a7344aa05017ed7552d2b018a950856e974f57de',1561569702),(31,6,'a91e4480d4de1348b0abf354500462a4dc84d798394c02624ce0bca0bd4c765ac15debffa99c64814e26356e48d791961c2f0c6a275ff86deef14aa2484b622e',1561569999),(32,4,'095adfb24fb38e698f04da72a90523c63fb8d4e142b2da48949c028dbb587fcbea4e1fe4fab998362ae71925e83fbfae3bfbf7c054dbc80aa7399e003c3f27eb',1561571558),(33,4,'2a71bf6dabf129c357b4787f0dc79e914bee681c35267e120ce961c06f7d74f5cae5aa13fea0a8e4baa7dffecae058545bfa74bcf9d74c48eeaaaeb80da7a730',1561571939),(34,4,'c6b32312cb71e1ba470b54135bdb6912dbb259f8e8ebe864fe8e70ad6c0e450662a503e3083a5b1ed50afd687524090644b8d833042c8b030a8b437cfdb29cba',1561571992),(35,4,'3c0417f65887e9ecc51d25d06cd18e9763377a2ca754d7ae48d740c98c983ffdd687bb69829f64b80772f58121b40caf54c04421b1d8ff3300782d63efdb4753',1561572285),(36,4,'53410effb31c4dd290bb76719b6c46cbd18d7554b6be3d2767af4999edc9d71cf6195b46af8824daecb04e7eda3fb6722a03568f30147ef0c663a5cf45ddf326',1561572527),(37,7,'c9f28bde0b0909331b4786bc4b0db3b760ac553ac45ed7f629f0e9c2845c090af83ab14cd3e36c410cf6c290a2582c5584700a4d7e41d54c68ab1f61646c9a90',1561573059),(38,7,'24396ce86545f1863af701c7cb3c2600be91ac30500c9d1e274ea6e249a5db60dad4ec1cc94bb7754a0ed7123f116ac443a4d25e6085b9b481baa3456a0f2737',1561573188),(39,9,'c50a658784339600bf0b5d3497fe1c9b057fbb08bbe70ba484b87e7b862c471d2bbc791aba867271125d8a7c444793094cb44354c8e19dd6d4c2f6fc5a4dca12',1561573227),(40,7,'cbba30562a7573bdf27881d7e9fb4616074ab17e8acf02b8521f8b9be1a1bdd434eb152165d1d8df182c2f1413a05201f35b31d6786ee06991f636f81af1f224',1561573269),(41,11,'4f5d597cffff2cfe72dc796a90660b8bc695de2756e5d3bf50f3b9ecf49a0d530f3b496984476906a2d01f1b02040e65f6678cfa7d79fe264ad84464a13e190e',1561631364),(42,4,'0f99491af76a7ce536f7e02e4e5f1aa49f37eb3d37871f0f7952c0a0a1e9d0ff47eac1b176cf9ba85bca706a1839bd17989f0ab6d59a80725fcaac95af11171b',1561643351),(43,5,'2ba41355eeb6c24da0043def9b6a0c5cf325a01c2188419fe77fe11b97bc3093cf5058353e24f187a71e18050f65f59c55d37a876ba8257d93ffa304d9009632',1561650148),(44,4,'aa6c5dd341ce5f4e09f3c55d5377a4bf6f1b59dd20c5897942b50f23e5c0673d91a0ba5f68d28284df8ed4f85e24e28bfeaf5d187b52722f2239612f0705a476',1561651607),(45,4,'83382420debb5fe87fc222e87831b61b65c0e89232fd919a8e42b324d66275321554452d5c65c99d02b64c9db8716cb709c8cad6a3a9714f449bf80e5f6d4393',1561651704),(46,7,'b2c59ee2b4332ada0d955fd966ba49ff149465a0bf08fc0cd64c0dc4fe77327bfa3aab4e757b99880f588534a719e07eebae52820919cbdd1d83853dfb024b1d',1561654768),(47,7,'ccc9c552bff156fe94b569b86eb381bbfeb407efed755393f7be01e9d4008cd9127e2eb3d0bb6a3e7d525c04d2661cd0516b0c76678d74116dcc184020e3ff55',1561719054),(48,21,'a7fe32d8c6db09a07a6f099e9e74a087858c3742915abab893c1da34d691924592309759eb1449a3489532c4d2f376e222e0e3e3512da4941fa287c4c217efae',1561720048),(49,5,'a7bd042e6206bd524a94e2cb7539008d1ec921ef48d5db628878e1d374239202f4b7fe5019747e95a7daed30122bd8f6c8f0520c8f65ad53b8a0480ef0932072',1561737147),(50,11,'9a4aa48c53cd7a330050308b357004d2b3d7d3b900fb050e4d558ca5ff0063adde1a056d503e24dc8aca66331d6573471035a47faf0ae97ba62f8c6de903ee62',1561741730),(51,7,'537e9309b36f890241b276f44b48fe6b1598f6f25594ad5395198d182a19df869fa4465d1aa4364741256f1f3b8cfba9621a252f2a943c7ad68cae42a4f26b5b',1561809799),(52,5,'f99bf876d5ec0bc8e9bfb293177740bab33528b38d015be60628597d3799bb754a6a396838587d38c89a97e02b03399e73b5d09d517f8526d8649d00349acbfc',1561817750),(53,11,'44afc41c02c19bc343c3057ee2ee4f6bd24cb495702d12db97ae60f30370ef319567c0b3ffb6ad94ef388a464aed50dbdeed491833399993194a04672ae4a6e8',1561818818),(54,5,'3910ccee7b97e4fbd60fb802aa03d3bedc5a4d1a77f6a9ab65b18df21b8130079423057fcc8c0a086ef3dd1b9d452b8096ad9db99ac6429ac2a24d964784cc40',1561840966),(55,5,'b09741c060d0fb7f4168b2794ea1117232d93c4340ebd5b932db681c609a82f28519483c4c45b500c4d205788c7b7fc1a43254f430c540652ca607a9a884079a',1561849172),(56,5,'24ee81c9f9cd2110879fc2b73e328a090aaacc940c1884ef8965beb6762e1311637c24729b211b66c781946b8e6209833b8db42414a6a4e8b7ea2b52db83ea89',1561888960),(57,4,'159fb288f6f95678c048a69bb2265fc95ddbc690c09f1f9319576aedaa6360e95e97b7321ad5c9dbac380ae620ab934e8aca22404d3c57793579b097c3847d23',1561888986),(58,7,'b1030cb489fa86e8aa28127b45bcfcd044082570bd2171aa1b4d0c96b79246ace310602a5554f1c276a3a1b6f6559ffee1b489d016583b9261d069b1ec3ed679',1561891717),(59,4,'bcd30a18d8ef361c52cf6309ab1c56053c5756e82315935789af3bd7af361f0d6fada6177155ef5101c1d7188cd8bf5d2b4f46cb3eca142c854fb11f9952447f',1561901816),(60,7,'051c9f4da96d81346ad22f5aeab59b0ee5a3d121098b9a989cc7214d3940ae5e9b7a4a4d6bb92a67d691c503891c65612908793131b520f952e21ceb13bd5308',1561906919),(61,6,'3b6fd989d4d010e634e12599f0fb478bf23dc1980c37d98378aea7528dc03f9030157f42b51297e618f4896161b428c56640e966d7777de33604adfa50855d47',1561907003),(62,4,'e533691bd48a913eee06ab640af7b853ed678fd8dfdfa4766ac5528b6e0ca2f7857103fb97772233adfaea7abec763cea3d23aa2ae0247eb03c7471371080ad9',1561907021),(63,5,'d90cf48f44e0daaf7b7589ad50702326074c3dfeb800f3c872c07f88fc15292c4cea1bb1c4aba1b1de07f0cd2a7e27618499b7372a34116fc836ce8485196e8f',1561907037),(64,7,'64cf62cba7c9dc03c03bafe4b3fd00b479dc0faeb32f3ac4408e7e140599cdf395e9aae605ba5b850c639fe85ad07ff862d14d08278a4e76ce69473946e6c33e',1561908355),(65,4,'4638420e207c7d36ead18b18c98e3d7a58f960410589c69207173a7cbf77b4d5cbec5ccfea61b69dcd9dd6c04fb0de4795f92a4e70998a459997bd5035062306',1561908794),(66,5,'a41a80e62c213783ee5d94d98a0fa85f735086bd5bfc7e923072c8bca517e1330fd6e31daebfe31710d02099c42ede52b228e49eb30c890a4cdd5259edf9ec22',1561908819),(67,7,'48e3c1d6f2bae9363b35ab3236b233c973e3c570bc71bba5f9575a647f2d7f11121b7d7fb99bb727d40995a66af2eb84a0c086a2b6c06eb5445569fe0f3bcd42',1561911072),(68,5,'4e0f30e65aa6a07da20df29d7d0c81d0dd7f6a2fcf3379558f85b620d77ddb562171b42bc2beeef8da6eac3f2ed5de23482e89e516c407fc7f0dfc74c5b28faa',1561913468),(69,22,'1138f51e44f6f5773263fae4a769a330f5cace0b7fb19e046daa1c3e1b54a0c32f9fa58ea890c563f2b3279fe854b4a64776fa6eff1d7593fa7fe5cd816d3f34',1561914429),(70,5,'78d1e6f0b625c949766d6ea051f02d1fe86998d7b9288582653761257df8725378d06de773d190bdb1b2997f7ee4daf2626fab7aa31cdafb38ead16f7a2a6221',1561914701),(71,7,'94afcb3fd675d87d1287107ea4d6f3a07ef6e42f2928948c33ff49845a48ec1887ee4f5827a3c56fa7b80326a98c0606ba03369c1d127e92fe71a30f4886c8fb',1561918375),(72,5,'e211f1e3f0b2104ff173d7180fa8986f76e71dc20146d4b2e3955509390d7c1157ccf29399ed377acbc1f8170fa34bf762977bd6675dcb677542f493352d49a8',1561918998),(73,5,'fd6b78efbd7702bd1f288e6dbea5407a6fe27de1b2e306d3c25b250c8bd3687f339754e6049b1505746c67dcaf11173f8e5c40bd40241c532a95d8a20cee50a5',1561921948),(74,4,'ea2641e1dbe9032db850b5678a612fed46327e92f5338230401836a99e65e8152c524d85927ee1bd85bd0e1907c01be3e2fc1928bbc4b69c7fb6851bb6f4613e',1561922707),(75,22,'7adf3d41fb31a1e7989cf5edf275f4e54914f87ea2c388483dc9edbafb80b5587bf0aac730d9f65e08446a05ec831122a3cab76b6e93f65eaf77c362b34b30f4',1561930514),(76,22,'67406fe3d3be45396d585ea13718f2385b507c5069bbf629b161a1d80884824cc99a6926827b4b3a528192f70e38f0f1b8daa12b6cf7e3ed8db5c570a2a13314',1561930584),(77,22,'414ce437a046353784a1f87565f11bc837e5014da2697030802c52fbbb1c3503cf80d644dc8180006ded5bd6348b619d024633c8104963c05f9accf82475b65e',1561930650),(78,22,'9c3a7259e6f50e7a43cc027a4fd75233e3f2e0029ac35b2aa5ed4a9d042746ce5c695e073c7c8cfe47a7c35401ab19622518a3327d63a8426c86c32f94d80793',1561930748),(79,22,'3606c7f7b66e5b1957a21646e86e7614bb6f4716731d556d4cae45c465bb7ba3dcee51100babd6f17c58e6d3fd12920209c3a38f466f457bff9ed473e88df92a',1561930797),(80,22,'e109239c3924b76ca5687635637d03197fd1d71da59967f1b9174b2551d1047d637aa70b3c94c2617b10fb34cce3d990105e261ca01af4efebd7acf0330c7dce',1561930890),(81,22,'046f7aa5f7de4e3abcb646dbc09f7fa21e7f44190701cb8c60a3e5984e3e9170605b3bc09e97236682ab0ab325fbe95700d4c37363f5797f05757dcb8b368e73',1561930990),(82,22,'d0850893db06653da49242a6112efe7b5f126c2f13b2956b7ba23473d3506004ab482f375fbc7c6b901f4c6143f7e83174f9b62b5424281f16bd24ab50203916',1561930991),(83,22,'511097113dc7e55827027fa81bd7143fc7ff2c853b19028c753cb44719c61e9baa09726ac0a4199396f8d106445fe3b445ca18c2f4e36bb5a76b8c1ba5a2d3de',1561931132),(84,4,'adfb0e480ac3807af1d5dd1748587bfc49e3d0791fa1da7d12a13ebf356611db0c111b3940efcc4ac027a20ca15fb7f0fa29c1dab406a1346abf41ea46e57c4d',1561931631),(85,4,'5b94055ca86d0edcaa3a71524fbc8395a5af0d0e405930093f22b841712f9546eb79841d163c42df4b3c143026b761332c9f3640c29a7238cc78c3ef1e217512',1561931808),(86,4,'a8f79867e77b00b52dcf41ae575c174b336f034e0922e61ad7ba234826b7f4b55cfa2b1da73d1beee095206f66af6dd0a07878bf192ff5843833a1d695b8161a',1561931893),(87,5,'43cc33be2d3610376548e04fe89195645282bd2a4ba23fb142d5cc4f299ee2864127089edcac7a7b19e68a486b2df75dc27c01539e510e1d91b83c66b65e2664',1561976282),(88,4,'cc7270f9f99727c521a903ba77e6f417f929ab49301984fe345be4d21ab9bf7f66686bcf7c68a6181e3a3cc9a934cb79384bb05020d87fb753b682c23ffdd266',1561986609),(89,5,'aa893e220e2b070e00021ad86bd59ca57a0fc2137071e404055f5c86e6f9bed4045598d4c7ca694ab9ffd11b63b05d693e29e4b910c51ec66467610b5b0ef194',1561988632),(90,5,'89f554fbabd809f4aa79630d71b1a53c9e3b778005b19b3f9f6f06d9df909749898ae72b97f6bf2dbe6c17c41d32545863837017ef54bda0624e7bc455029bfc',1561991156),(91,5,'4205b6f3c3aba9b98d9b86b82c55bc2be12d9c766413ae70e47145f277455d4d3b576dd9e9e298c04c132f6b2977f8a39142393bfafe5bdbc05fbef7da071da1',1561995993),(92,6,'b0707f97bfc5c25922090a50efd632e32add1e2bd410bec3f7c8366c41b890d232d76466f83a481ef76aa0288e84759e2b49eb78e4fc4e91aaef3f066413029f',1562019182),(93,4,'5e2cea72b9602446adc161c4d76c06b83466e721848e98f14f2f4c9572f4c1b34879622e8f70e975e9b472e5752d703cb8343dede0d47e6861666269dc1d9af1',1562058829),(94,7,'381244e6238d500223b83d6ea8b367e2a18b326d5ea559c06411a111d496ff41d621383c30a776c88952013d4ef7cbd74eef2fcdd8f29f864cf8693dea4a8859',1562065912),(95,5,'fb9392e52eae0f8f4d42265b07e737f9dd5b639a7d1432478322e0ad74c5646af65491bb6b0ef698be38a38831ed0c1ff143640c97ba96eb0134fbcf1d23233c',1562066001),(96,7,'fc3352dd2b4f068241dadf2a209c599912ccb22c1ada6f93ba0f2340a8e0c3c993caba6b0d3c8ca07ea39462b66a725f5836632489c97805c085150f99e384a2',1562069594),(97,4,'0f25722de04d531a780d031eee7ce5862fa743197d07a64f990a17e5cc17b91f1be61a29029f238e201b25609d943ba7caa06e664f9af6f2656a676701a6f3ee',1562078596),(98,7,'dda1d503fdaa69e417658993c223b002939624610e119c9865497334e2863dd7bde474bebd00ba919761aeae4f3c18b30e270236ce1d953edb97ab7e58d449b2',1562084494),(99,4,'81e9d7bd99b43d6fadaa757684d1b50250a9057102a1d2504e389cb722016df2b0298b12668ecceafbd9f2cfac29c63b4116c863b8c582a46339de2cf0a05e94',1562084512),(100,9,'0321125cb3fc63e69fdf4904030b45e07dbc68e61e1c93833197fedca9a7edd2d466d2f2280a0f1435101dd545f42eb18edb0aae5ed0b2643d5198b2b3acb425',1562084613),(101,4,'469ece92b54c2c3dd7c28c8a725c0aaf341e76aa56b48bdfeddaaff2a27b6ed7349512defd4d0ceb523087210091ee0888a543a480a03fafc9a3822a4689c01f',1562084814),(102,4,'9cfbcc35ba2bffc2ed31ea4ec37ce0ba47b47f49fd86d0e6684560f121303459a75e45aa99dc1718b211ca7253d8ee96d8268352456d4226d82e2d950c427179',1562084953),(103,7,'ec9b660507c317100614c13445a118f4f4cf2640f46f61bdcf7397d86b1b1f9b3d4edeeb26fdfa66e6a2dc2c18c72a32203b600a94a2986cd70568f23541ce83',1562085222),(104,4,'722aa524998f88741ae30b2a5c4e5b92801fd800b08a2acc929fe3c2c72beffa1bfadcc8826d078b315e8fdd6a46d3c7a60e098fb528489106370bc537bd7a2e',1562085387),(105,4,'afdf0557c336410bfd0334170f0c8425351c37a3ea234f6061bd700b5d6aa33bb5923f641e094a06c4265c4b4a7565e8254b41017d554107e77a8348878498c5',1562086113),(106,4,'92e7bf8e32b3434b8196b8cfd8398917fff98a2258276c5b04ce24a968d17e5d31f3bdcd571574f9c9052f8db2bb5471aff06b616b3bd039f0320adf04c59bf4',1562087017),(107,4,'5d3b9de94e223a783d3d84bd5bb56f27a39e90d190a96555c325a545dfc3ab7fc7ee66f524c8f85213d4c1959342610b8820f5861b2bec3b506115fc7b2162d6',1562087259),(108,4,'fad95c3d1c8e7d07cc359c05e0730d563e751697431b99d1b6d6ccf1e756c7723a966c14d176cf66f2173aac291715fbb391bee016f79f67f10591ede3447521',1562087579),(109,4,'14474fe5bade111ff6943c4db676bfcb359a9d3b479ca4abc1b502cb23c18fb53c9e5fbf954b4e247cd46ffeb7a1511860195fb184c61861b40a98360df9e9e1',1562087641),(110,7,'67d616e259fbfa1f259a5ec482d5bb69d2a125142dd696744f18c695119495542494a99bab29bba8e5ab29484de6d80ee4d040aeed35a0797252158df929f921',1562089702),(111,4,'7ba76ba3f7e3d6f82f7b0c2f70a356180263516c25c912d1991e30242708927eaf73004e6e465452a433fd0072c74f1568cd66b77ea2a0164055978a254e9d24',1562110164),(112,4,'8bcd756b104bfeff4649168eb0c9d90dcd970b21eab6f26fa8fedd2769aaf60a0018e99bd5a4c2e5f3d63fee8b4e0932486d06feafccc7bae409657c084eab93',1562110385),(113,23,'2f1c5689dcf9f38692f76f9cc02cbd8250912be7a524654456c4d0a70cd15e186a06a2c91c8a86aef4c7723bcd004efadb40d1bda6e2ce7fb3dbea3a596e705e',1562112117),(114,4,'179052257857d51853656b1281822a445c937015bde4a41a247d7469960dafa3c56975948b87b8d08fb3719c60a993d04cec98d76cda57f32efc4c72dc7fe247',1562112224),(115,24,'9e80abe5f1ef476df9c911f3815238c1e2abf1044b768498aaef15aa5d2d2fc1544105d44fc2b0e917e57072b3d08d77e2ee3a83d50293d63939c12bab62a29a',1562145675),(116,4,'c8bafefa56bf46c95a284f61d7aaedfcd97a7c0e7e5a52d6a8662aab8b2b8a3da3365676870b03e8d07e2f8aafeb5692f324bc271eed97bdf123088002fe41f0',1562145977),(117,24,'205f2420e84011e39d187b106203d0c6c8faac4f91726559376f596f848be5fc84f39cb28dde3812c3bd5d371a3f457e223f2fac804b31085230251400b129da',1562147400),(118,7,'00b83a26b9373debacfd9385939d5c2d1e8df0b9534607925a2d44fec06ccd3da5dd8641a865bfd356db1afb3c415678dd069ffbdb0cbe75c9bde020c291785a',1562150562),(119,7,'170b07010e16fd880d7b69d40ec51139f63cb42ea4d6b92c8aae6213be178870308289762446b7af0191cf21f40522b9971cfcc84608b84ebc8219f54dcd476a',1562150776),(120,4,'27d3e498f08c8fc4af8bbb6b5a78cb488594ca6f5d801c1c1199c40631974ae4f647c0fe1d61d01507da5035e52cd31cf0bbe2f7944be7540aa7f91ac203f9bc',1562155903),(121,4,'259b5c8affa2fbec241080c568e0209e63986d107cc27a7df480e52c695f3f2fb4f5fae441637924e37cd0514c351c4cba8e34cc61a562700974e4649e465226',1562159675),(122,7,'4d821da8c6efa3734475dac7644d5e2f8c97ae80246e46060e7592761c8b2db42dd99e791e8b484bd8ca0af789a0438d4fa3a50323edf44e9f688c72aa375bd1',1562160216),(123,24,'9fa2215e4cfec1695a4757992b14f0c9a1c472478231a86d8d7c3492ab85e81cc784ab4496a8a8fa82a45b892c8875c21200b94fee35b1aa70287ac98571baa1',1562164371),(124,7,'f6a839801b1043ca2f7a29fee5535787a4fd5ca4fae13309173abec11f7dfe8a622f6cd3948683fcfaa21fd049290fbfc3a07af35a1e4e6b2457cae15cf0a244',1562164977),(125,22,'e154fc72f4bab8a47f0ddf88543a57811975382c5fc0c7b29869604afe751b42a3b3012e7af5e684f5d6f03641b62c78787aafe7f1dceee7d913a33e05e9ff9a',1562169626),(126,7,'2a278645816c7bfa48e3667c1ae91f87f86b7a422d28efada55f7cdc2b13dec4a02830ad61ce8998656d70d52ee507da5c3a7cece371a736bd27c740ed9e9c53',1562170140),(127,9,'390f6e7fdb3b5e2da3c00385233c8f570abf0dce187df478b916d288305d554c475a099a5066755b7ab2c921b371e34a715abb20741e29d2de344aafb415d507',1562170244),(128,7,'7d982e09fa24b23c3b35419db713405542039662df3e0a3aa649c48953490df0406314a3b6a7dab803cd77868702374f9e30eb90a116b360b4792a93c6fb39c6',1562170750),(129,6,'b1a68c6ce0d6eb27aa7c21d74d90a3e71ddbc13570fc7cea1cf79ea79359a622ad092bd87452478c8118092e7bd88fb685eb3e7bbe21bbb1e7c42d9ede58e670',1562170924),(130,7,'feb2ed1eb7f4d0e4ae2a682ab83444003c58cc49595754f9e732bb6e3daf6818fe9cc0ede588c2a197d6d504b4f1aa916812a7a41429d2f9ca765dd6938fe156',1562170958),(131,4,'82f589175aa41a136290834c8fc10745140395264492794e1a5ad2d4c36d6d4ed40887b4b09f0981c4297324b797bd018ff2fe8cd620f0a3857fa8ad06af3d6d',1562171778),(132,7,'6f26bc87299faea1bc994bfbf0f7463bf01607f7243540742dfbde85e3cdc5e2472f34d5984aed408cfb961249291db7f7c95465aa9a8e9e391126c6b190c68c',1562174603),(133,25,'e867501aea29d5b5bf2b7356b48a72e627c285bb53e24dfb8a9b8f300052aedcaae505743b26aa822c3cb4e8e0f00e6825146da47e9e3fc87b38f5d998fc9e5e',1562174680),(134,26,'2154d202b91d6a7160f176ba83ebba9aae5c2bb3d8e806b183cd28be66b435b909c64ad0dde13cae78ef3d62f8c1d860005cd3a045cb816a844da45c08daf8bb',1562175610),(135,27,'091079fb4cebe9acd8653d739c5ecd1e7ce9b6639347c7bc5bb86631c58b2c9302090f27b99120769f67ede7bb0d248a05e0c119194602c665000c27fa133174',1562175753),(136,28,'d23cd64815eaad34e28b12986d1f01dbb31757c19ffe3a24f5b54e75b5a77756a63fa4dd9d646fa1aa3937bca45c1f7852e8086d9de441abbbf088e6dd9330db',1562176256),(137,29,'e978ed4cb39b4afbe90f4a9061b5876fa6e7d2d911985b3aad0d38888e3ad2131ecd89ab61ef61516f2ac0c8d72c7191197fff31b6472dd0efe2dc4000d66165',1562176442),(138,30,'ac6f0bda6b26b23bf4cbb55bce415f95cda81db383a18e90543b4f8dbd673481d4c1ab688dfbaaf31a4372c711cc16f5cb342c100b53ab20a49e149316ca1b74',1562176658),(139,31,'7edd1691f22f65264458bfced9eb0ea50c370ed3a7488b3c50269aa716fe68514cb49bd734cc27fa55216b47061cb5a52ef8d23cfc12300ad92a82a0fb08d14a',1562176815),(140,32,'516a3f1bc8a47675062b9d9bfb41f5e57315b3e8a30912b4b50e0a26a983504950b17256a28ce3b3b09e176cdd31b62271df037745c30852b1577c2590b3fb62',1562177143),(141,33,'c0139e823f5268aeb22fef1dffdffb54a7124d27162d5f502235e153d9edf349e7fe69a23547e5226222099b00d836fd2a7a535d39fcb81190ee3d800d65da4f',1562177289),(142,34,'6b9eb318a1b3766242efeeec3a02eb4b1befe570e119abfb56a53b9ec3556d20e00fabc24fd29c314e1f0cc11d842ac9cebfd427a97d6ffb292cbfe2bc5c6609',1562177319),(143,35,'35fe834ca499d89b09d2160a331e6f40c6d1c67b4feff55c733579b140acbed9f9703bbfe3168c4566d2587f94e55d0d2c30bd736923c5e1e4c176b069aae09e',1562178479),(144,4,'3ea68a7dff7b3f11485b385417d7f6a1bed1ff77c24f668156c5e4dacdfc02e875210e37e12ece574732331a6270d052fbaeff0edc281325e7c858e5311423bb',1562179286),(145,36,'f4dba3fdac2ca6c4b806a2511efac4f9d6ecec4ed195b32768d4b2bac6a71a2215fff79993f58bce55d455524dc59a43db5ac430c36f83dc6a1929f8e89e3505',1562179441),(146,37,'78f12b79122cf31d59a3a46169c052be60bb49591c23f943fe92ad77be760d831459075c0ad4266f6bf1ede5eefdccb85a8d5970f261b00d403832a47f9b767a',1562179651),(147,38,'ebc4f03f58554b8f1cdefda6e2d98d6e31cb29f187d4af14ef9ae2b4029be284d9dda737397812ffe969f5cd8f6ed4870ae9275f2c9ca37a6556532c8ae8117b',1562179733),(148,39,'d26be5290fcc5151ffae338aa79fed0a64673ca9732a25f7216d302fa72efbb232d743b1baae76adfedd0e62005a1e17ae6b3b35c5e256f8e294cc006726f9f9',1562179815),(149,40,'0afb3bf08e989f26051aad80cf4aea849144d450746539044ee35637399b26ab76b1ae12c523f9249f37822f27d86f8fec51a267240db6f1026b66db3136fe4c',1562179924),(150,41,'639fab3e32c916d885c2dfeb8c3b17f1dd9c8cfc9cc2901455088d4cce354b258452762acff3c11ddb84c67ad24aa1e019966387d4678f2e6048cc84023412cf',1562179984),(151,42,'a8ed1b6f6484e568de4d192868e463c884626be9e8f7e5222d8bd116a40cc0473c73c1b62d364a5ff3001aef2e2aa7a4b9c297fd29b3128d8a5e4240242b4467',1562180057),(152,43,'a94239d6b37a6e99626ff639132e869268a5d5774d07a83d9b05bf1e7c5c5e6e50e5dae45749019b1bab1beb145a6ed339239493f62daaccbdf520cfe388d6e6',1562180149),(153,44,'9d1197a275277e98e6c7e83a0351de72465f7b00ed913298d214bc8386520a9e0d4fbcea0e29bccd0871e98760e228e67bcbba7462c44af43a7f73d4bd9c5515',1562180342),(154,45,'26c683c0d0527e5e92d806ed9d5e72cc4c971d40ca49968525da8e098155298c2c9929a129a010c18b7931809a9d06a125402a99c81c484f7e0f299a92e3c315',1562180380),(155,46,'5aa635a564d2f22729d852f9d8365a2f734f86040e3be1fdaaac1392cfbdbf23df83901985377c0d81e6c06775b034a9b53634fd85efbd9aee8a3a804429fc8d',1562180489),(156,47,'ae108531cb0b9c8ab311ba0a6f36a4023e27846a10b8178241de6562b72114ab70e6e21988ae11ba7d5ea9ec15b22ef0f7ceca5016358e6328cb34cb6acd459a',1562180563),(157,48,'bc768fa1b38b8233cf2bd5f691fcd6da281c3f974a32823d4b4765762732094d42ba076af3efeba51e3018d6cccdd5edd104741874f6d256030e2dc476b86cd2',1562180626),(158,49,'f0ff46cd4571fbd2429bbfb9052269253daf3ea1be2d3c89d584303bae97570d37ef7f12b55c3305e226f1c2029a3c9e7c9f7a6cda830127a8187de6a5e1adda',1562181644),(159,22,'43aa091b5635a2933c46be6e695693c828663208af4319dcf095d296bfb0807a42b6b744beb4a9aa2c2bcb1cd52c94181ea597a4d42ed9751c296462468f1d00',1562188534),(160,4,'bdc9c94f8b2ccd7ecd69385c34bfa20d9d769fe1c0edd7cd00bc5fc85b3e59e0cd38d0d8ef0fc6587f943bdabb7ca4350b2e1f9a893b39cf86fb5579e491322c',1562192395),(161,7,'1b7a9ddeb779a56b94c814257b7540dc015738d845a1dd9cdcc17ca224c4740883b1a164ca57fd07cf1c9e71922ab6d027114c1b69b9649a752dc20b450ed4b7',1562192425),(162,7,'64c2b37d1c4a688997b7499900005538fab52475ac68b50a73b60677ca74481affb2eebfed33b127afb20006b370401e8110bc188745fd636d34f473f0926f61',1562192953),(163,4,'ca7b89827477aa64e0c588acbddace7145198574624ba0ad6b6ff50dc1deb370f24819c579576b787c64972631a4ed1c8e673bb93b00e5946fa0adde4bd29492',1562236921),(164,7,'9b7c0cf90e95675e3cd67c518341e27e8796c6a621b95883dfae0fc474fdb61339cd5c3d954aaf7557a43a934486f72ae60f588a25dd5e16954153dc7fc4a30a',1562239569),(165,22,'9c74525f138bcc51d4d5e4f234ec32501cf4d0c60a2f63aa32717494e2c5ceb21d7f173fffd444f6c9487b43c80a9400212de1d841211c83ee855f6a55d943af',1562245741),(166,7,'d7f167aa33d88fd2bec2b75703a9e7f099ee396d709aa8deebf11f50b007d1ec592e79a000bfddd2a6a04c1483889a6ed446a29778c8395971709ea4195d5785',1562263071),(167,4,'f9f7b0170bab4a3047b608b9517516519ba3b4d64c7e1d3822c134d8a6fecc02a1178d1f39d02afae747b1d07c50674d377dc1cd0e6bac99c2aef90f6dd554c4',1562267440),(168,4,'acec742232dbb39f6a9b24cf545e89222e9a8e8b1fd2ecbfed69d89fde38f06c6103241cd1d31f3d3df6d833267aa1e8197a08d4ba558425d53a1ec4f4c50e28',1562271365),(169,50,'5a87a2d5a59e03ba89ef066a518d63c60449314b025302406d90669884811e16cde5fd3d390018d2bf02e4b7603eba21ee1c9b5bf4f9234195223af9f35a955f',1562272034),(170,51,'256897fcd35c0af32ef64bf34312a896f39eb764358a87a4c1075f782e96a71993be2495f4b912e058a3a37360597d3bb6ca2c495abfa239f538faa0e53aa9fc',1562272619),(171,52,'3a14d0ffee2499727ed47cc7278effe7d4f189f205ee45cbd5e6ac130c1d16fd6e597261cbe01a1a6d25e3502a247b5988b2362e9824b08a7c835a92b8c1d96f',1562272725),(172,52,'766ec4a584b5d34b37cf5dac5c4e23ec5a49826e8ffdf066f88da873163db3ec04cf23039b6bd449419600f7be32f6e157cb566f3ef0434724e5e31c16de3fb3',1562273620),(173,53,'c4d6f554f35fbe0ad19d4a230220f64c16014b89302eea7179d0e568c954e43c436e03424f0e1c5705566ffc42cee79d302dc88c9302804ff5ae620852adf3f8',1562273733),(174,53,'1afea9846cae6323c41721f331d39245c75a1f3d4ff5e3eef51dd77cdbbeecd38c3254fa0a6cb7f0a1c35a61dedee147307efa939312952ce51c22839a7857ce',1562274054),(175,52,'19f520e80a751afd869df9ae834b5b87b4c4dad0e2679a1dcd18c80ac458cede73274dc3272cab2759c85f5fdf96635800c5e648eb225d16b2198514d5eb55db',1562274137),(176,53,'8879fd7edff25599faf12afc464e935b429192270b027497def678eea477763746754bbe63532badbaf6d982dc89a520debdb0793d9184653788bd7f36e7e0bf',1562274197),(177,4,'ff960d77c8a4d5ff144aef1cd866e8f9a0ae22ecfb08bfcd9ff41397c6261a075070632c339750f2dc65d92dcea154ae6f24a15ba7d889d0e235a8217a9e96a0',1562275191),(178,9,'dd85de500f7d0867e64e1b319bdd2328cdee1f1a3e289352ec6655c2a71e6bc621eb730f5a9f61f8b23ee1471ae9ab1e259d67c6d15ffc90ca3db2a4b0553dcf',1562276893),(179,7,'d58f1b2ab20108c4f2814198ca691f50fad423a83f308a547688a02061b80770a93b357a47c9be180e0917d7b3397c7846991524998c2d5e9ff5bb1192a07581',1562277504),(180,4,'827800ba3e83fc0b7fcdf481644618ff0bf1cad2e81aa19f122f74935c3d239fa27fa585211c1e08f6e5ba2ad90112f8d1c88dec6151987d3152d0cd7a7f6251',1562279358),(181,7,'f19980e7dfb1df458e30a921e7b65c64789745fed02a6adb2fe5aefec317b839ddf6dd119162b8366439ca687ece6caf8f19966aa2fe7e070970d4e8ec61293a',1562285824),(182,9,'38f9bf5d4be7a6c743fff2afe14cc94454aaa5a680711a793fc35736c0ec660369a9c7fc8bf403ef2b506709adf8f1b6e96f3c28215a4192f264a550e775ed8d',1562285919),(183,4,'eb12f3f7cfd9c7ab9369c2ef72e23cc2714f1997b958ea24550cff8c47cf3c1d5962d8babca47929e6bc7a5e7e2bfcf9efe1fa24967f52bebfe0d775c5e4c006',1562286819),(184,4,'0e843731f496276d4bf714a6ac72f98f91fb74005617054be3a5a1ebb79c2cd4d3b9b5ac7ed6938b07a9c5db5fd9c0b0f3bfed9b4d71ebea3dbc4182d3ae380d',1562318626),(185,5,'064d64a83aa8431e288dfd1a00abd70a79db39d724e4ad771c7ec523bc9e6472122aa64f2a1f2c2e22c1a067d9d9974a17168dbf3111676e5fae6cc0084c7955',1562318685),(186,59,'2cb9cfe90ae699e1ec783c1199ff0cb96ee23c06a947d1088e74d0ed3c0ef4af27eff966384b9508c8eed7e3cfe9fe2a74a757c4b7fa432779288ce60e8426e7',1562324448),(187,24,'1396b50843845c9982235c45ca56a19bbbea2942535a7f1825724da7248178ae50bb82389d8d9144d49df027bc7d975639260eaba2da465be03049a27a8b567d',1562357615),(188,7,'b965a50c86861ea2703099753d7af92effc3b0d7c6446104d32824d510dc4f1658d8149b2520033295a2b4308c1c67e66a8a28de5a7a0c1b93ca36d616dc4a3d',1562422150),(189,4,'640ff08809ddc6db87f909db1bdad285e5f9118a23260f524932d6a19afeb3017d10fa63aeffaa5e2f22ee06d4ee4b870f58476fe0b1e1182d1720f5bdbebd21',1562422154),(190,22,'3dbcfc8a466577dae359b3ba84ba9b6e278f54c139b1d95180601a64c2c13b1c3ec946d909f23736b30779fdb2d46ce9e501362bf51b5397dfc5058275be28eb',1562432147);
/*!40000 ALTER TABLE `tokensTable` ENABLE KEYS */;
UNLOCK TABLES;

--
-- Table structure for table `user_list`
--

DROP TABLE IF EXISTS `user_list`;
/*!40101 SET @saved_cs_client     = @@character_set_client */;
/*!40101 SET character_set_client = utf8 */;
CREATE TABLE `user_list` (
  `uniqueID` int(32) NOT NULL AUTO_INCREMENT,
  `ownerID` int(32) NOT NULL,
  `listName` varchar(64) NOT NULL,
  `defaultLevel` int(8) NOT NULL DEFAULT '0',
  PRIMARY KEY (`uniqueID`),
  KEY `fk_user` (`ownerID`),
  CONSTRAINT `fk_user` FOREIGN KEY (`ownerID`) REFERENCES `users` (`uniqueId`)
) ENGINE=InnoDB AUTO_INCREMENT=130 DEFAULT CHARSET=utf8;
/*!40101 SET character_set_client = @saved_cs_client */;

--
-- Dumping data for table `user_list`
--

LOCK TABLES `user_list` WRITE;
/*!40000 ALTER TABLE `user_list` DISABLE KEYS */;
INSERT INTO `user_list` VALUES (10,11,'Lista da monica',1),(18,11,'Nova lista teste',1),(19,11,'Mais uma lista ya mano mesmo',1),(20,11,'Tou farto desta merda',1),(21,11,'Granda lista meu',1),(43,5,'Badabaing',1),(59,24,'Bla bla bla',1),(66,22,'anotherShitList',1),(72,9,'Lista2',1),(73,9,'Lista2',1),(95,4,'yebias',1),(97,6,'badbing',1),(103,7,'Lista de casa',1),(104,7,'Lista do trabalho',1),(107,22,'Lista',1),(108,50,'Ficar Ainda Mais Gordo',1),(109,50,'Saudável',1),(110,50,'Get Trashed',1),(112,52,'T%%ste',1),(127,51,'boi',1),(128,4,'asd',1),(129,59,'Compras',1);
/*!40000 ALTER TABLE `user_list` ENABLE KEYS */;
UNLOCK TABLES;

--
-- Table structure for table `user_list_participants`
--

DROP TABLE IF EXISTS `user_list_participants`;
/*!40101 SET @saved_cs_client     = @@character_set_client */;
/*!40101 SET character_set_client = utf8 */;
CREATE TABLE `user_list_participants` (
  `uniqueID` int(32) NOT NULL AUTO_INCREMENT,
  `listID` int(32) NOT NULL,
  `userID` int(32) NOT NULL,
  `userLevel` int(8) NOT NULL,
  PRIMARY KEY (`uniqueID`),
  KEY `fk_user_list` (`userID`),
  KEY `fk_list_products` (`listID`),
  CONSTRAINT `fk_list_products` FOREIGN KEY (`listID`) REFERENCES `user_list` (`uniqueID`) ON DELETE CASCADE,
  CONSTRAINT `fk_user_list` FOREIGN KEY (`userID`) REFERENCES `users` (`uniqueId`)
) ENGINE=InnoDB AUTO_INCREMENT=159 DEFAULT CHARSET=utf8;
/*!40101 SET character_set_client = @saved_cs_client */;

--
-- Dumping data for table `user_list_participants`
--

LOCK TABLES `user_list_participants` WRITE;
/*!40000 ALTER TABLE `user_list_participants` DISABLE KEYS */;
INSERT INTO `user_list_participants` VALUES (9,10,11,2),(14,15,7,2),(15,16,7,2),(17,18,11,2),(18,19,11,2),(20,20,11,2),(21,21,11,2),(51,43,5,2),(75,59,24,2),(82,66,22,2),(88,72,9,2),(89,73,9,2),(111,95,4,2),(113,97,6,2),(120,103,7,2),(121,104,7,2),(125,107,22,2),(126,108,50,2),(127,109,50,2),(128,110,50,2),(130,112,52,2),(133,112,50,2),(146,127,51,2),(147,128,4,2),(157,129,59,2);
/*!40000 ALTER TABLE `user_list_participants` ENABLE KEYS */;
UNLOCK TABLES;

--
-- Table structure for table `users`
--

DROP TABLE IF EXISTS `users`;
/*!40101 SET @saved_cs_client     = @@character_set_client */;
/*!40101 SET character_set_client = utf8 */;
CREATE TABLE `users` (
  `uniqueId` int(11) NOT NULL AUTO_INCREMENT,
  `username` varchar(128) DEFAULT NULL,
  `password` varchar(256) DEFAULT NULL,
  `userMail` varchar(64) NOT NULL,
  PRIMARY KEY (`uniqueId`),
  UNIQUE KEY `userMail` (`userMail`)
) ENGINE=InnoDB AUTO_INCREMENT=60 DEFAULT CHARSET=utf8;
/*!40101 SET character_set_client = @saved_cs_client */;

--
-- Dumping data for table `users`
--

LOCK TABLES `users` WRITE;
/*!40000 ALTER TABLE `users` DISABLE KEYS */;
INSERT INTO `users` VALUES (4,'Ricardo Machado','uno','mail@hotmail.com'),(5,'me','nou','teste@gmail.com'),(6,'hey','boy','novomail@hotmail.com'),(7,'David','12345678','davidtpinto@hotmail.com'),(9,'Pedro','123456789','pedrocorreia339@gmail.com'),(11,'Monica','nou','monica@gmail.com'),(21,'man','nou','yesboi@gmail.com'),(22,'notacunt','qwerty1','fuckingshit@hotmail.com'),(23,'videogamedunkey','nou','badabingbaby@hotmail.com'),(24,'Mónica ','hellopeeps','monicaclouro97@gmail.com'),(48,'Ricardo','nou','r.machado96@hotmail.com'),(49,'admin','qwerty','snakejr66@outlook.pt'),(50,'mpfd','shapppass18','miguelpfdias@gmail.com'),(51,'rmachado','uno','grandamailzao@gmail.com'),(52,'pepi','123456789','peeeepi2010@hotmail.com'),(53,'eu','1234','tiago_271996@hotmail.com'),(59,'bvmachado','bmacgado','bmvmachado@gmail.com');
/*!40000 ALTER TABLE `users` ENABLE KEYS */;
UNLOCK TABLES;

--
-- Table structure for table `users_extended`
--

DROP TABLE IF EXISTS `users_extended`;
/*!40101 SET @saved_cs_client     = @@character_set_client */;
/*!40101 SET character_set_client = utf8 */;
CREATE TABLE `users_extended` (
  `uniqueID` int(11) NOT NULL AUTO_INCREMENT,
  `userID` int(11) NOT NULL,
  `userMail` varchar(64) NOT NULL,
  `phoneNum` int(10) NOT NULL,
  `emailVerify` tinyint(1) NOT NULL,
  `signUpDate` varchar(128) NOT NULL,
  `defaultList` int(11) NOT NULL,
  PRIMARY KEY (`uniqueID`),
  UNIQUE KEY `userMail` (`userMail`),
  UNIQUE KEY `phoneNum` (`phoneNum`),
  KEY `fk_userID` (`userID`),
  CONSTRAINT `fk_userID` FOREIGN KEY (`userID`) REFERENCES `users` (`uniqueId`) ON DELETE CASCADE
) ENGINE=InnoDB AUTO_INCREMENT=43 DEFAULT CHARSET=utf8;
/*!40101 SET character_set_client = @saved_cs_client */;

--
-- Dumping data for table `users_extended`
--

LOCK TABLES `users_extended` WRITE;
/*!40000 ALTER TABLE `users_extended` DISABLE KEYS */;
INSERT INTO `users_extended` VALUES (1,5,'teste@gmail.com',961004500,0,'1561556805',43),(3,4,'mail@hotmail.com',967845123,0,'1561569702',0),(4,6,'novomail@hotmail.com',968741325,0,'1561569999',97),(5,7,'davidtpinto@hotmail.com',910000000,0,'1561573059',0),(6,9,'pedrocorreia339@gmail.com',912345678,0,'1561573227',72),(7,11,'monica@gmail.com',961345782,0,'1561631364',0),(9,21,'yesboi@gmail.com',912345876,0,'1561720048',0),(10,22,'fuckingshit@hotmail.com',968656350,0,'1561914429',66),(11,23,'badabingbaby@hotmail.com',961004000,0,'1562112117',0),(12,24,'monicaclouro97@gmail.com',931901380,0,'1562145675',59),(36,48,'r.machado96@hotmail.com',961125552,0,'1562180626',0),(37,49,'snakejr66@outlook.pt',968636590,0,'1562181644',0),(38,50,'miguelpfdias@gmail.com',965491013,0,'1562272034',108),(39,51,'grandamailzao@gmail.com',961135248,0,'1562272619',0),(40,52,'peeeepi2010@hotmail.com',910552640,0,'1562272725',112),(41,53,'tiago_271996@hotmail.com',966150093,0,'1562273733',0),(42,59,'bmvmachado@gmail.com',968170634,0,'1562324448',129);
/*!40000 ALTER TABLE `users_extended` ENABLE KEYS */;
UNLOCK TABLES;

--
-- Table structure for table `verificationTokensTable`
--

DROP TABLE IF EXISTS `verificationTokensTable`;
/*!40101 SET @saved_cs_client     = @@character_set_client */;
/*!40101 SET character_set_client = utf8 */;
CREATE TABLE `verificationTokensTable` (
  `uniqueID` int(11) NOT NULL AUTO_INCREMENT,
  `userID` int(11) NOT NULL,
  `verificationToken` varchar(512) NOT NULL,
  `isVerified` tinyint(4) NOT NULL,
  PRIMARY KEY (`uniqueID`),
  KEY `fk_verify_user` (`userID`),
  CONSTRAINT `fk_verify_user` FOREIGN KEY (`userID`) REFERENCES `users` (`uniqueId`) ON DELETE CASCADE
) ENGINE=InnoDB AUTO_INCREMENT=21 DEFAULT CHARSET=utf8;
/*!40101 SET character_set_client = @saved_cs_client */;

--
-- Dumping data for table `verificationTokensTable`
--

LOCK TABLES `verificationTokensTable` WRITE;
/*!40000 ALTER TABLE `verificationTokensTable` DISABLE KEYS */;
INSERT INTO `verificationTokensTable` VALUES (1,4,'wtv',1),(14,48,'9d3b30d996a778a6dd2b21ec496b4e28cad1992a3126ab70311374f84ae9a28028c69174166004b16cc405b62821ec84ffc7322869e916759b16e8c4ae416997',1),(15,49,'5165248ccf862378f6b6fcdc49f62a17bc4b93642e12331c697d88dfbe8a86a4a1aecad70fc3ab0e6a4be7956c97cc71bc8d6277dd731095f45d4ae7babf26be',0),(16,50,'04877dfb64e1307b851c31ffe4e832bad80781e18a2fd1934fc6c9253deb979c8b1ee8a58b1dcb7b5881687685dba669618a90748bf248156478a620e5072870',0),(17,51,'683045521aa93881c9a90b9b61ab9590fb7fa6e9b79ff6b7a1128f03767ab506ffce51b3a64f177005ccdea2277b7caeb0d851512639ca4c583dcb8daca9338d',0),(18,52,'3c8551c758a1cf5d9df1b96bdbdf518f1326680a765c070b9154fd41f1b0517824f0856d37b69faab81faf2d9581fc54a6bc2c2122cc6476ce11ffd36df0fae4',1),(19,53,'b0ab4ce5beebf546f358e77537b0c13e843787e8905bbee813020811a7e4144eb0d4299dc2e1fee92671cfcc57152d3787d80f4f945d6227de1194c3f8281c11',0),(20,59,'db22678dad0aba81fed010830ae7b23474a47ef4cc4203a810fc88e1a9cddffac856842e94c58ebf401edba9133786fd628c75792353d38098bdf7d7ecd2a9b1',0);
/*!40000 ALTER TABLE `verificationTokensTable` ENABLE KEYS */;
UNLOCK TABLES;
/*!40103 SET TIME_ZONE=@OLD_TIME_ZONE */;

/*!40101 SET SQL_MODE=@OLD_SQL_MODE */;
/*!40014 SET FOREIGN_KEY_CHECKS=@OLD_FOREIGN_KEY_CHECKS */;
/*!40014 SET UNIQUE_CHECKS=@OLD_UNIQUE_CHECKS */;
/*!40101 SET CHARACTER_SET_CLIENT=@OLD_CHARACTER_SET_CLIENT */;
/*!40101 SET CHARACTER_SET_RESULTS=@OLD_CHARACTER_SET_RESULTS */;
/*!40101 SET COLLATION_CONNECTION=@OLD_COLLATION_CONNECTION */;
/*!40111 SET SQL_NOTES=@OLD_SQL_NOTES */;

-- Dump completed on 2019-07-06 21:41:33
